"MERITVE",OBČINE,2021 Bruto prejeti dohodek - SKUPAJ,2021 Dohodek iz dela,2021 Pokojnine,"2021 Starševska nadomestila, družinski in socialni prejemki","2021 Dohodek iz premoženja, kapitala in drugi prejemki"
"Povprečno na prebivalca, bruto (EUR)",SLOVENIJA,14663.73,10890.67,2595.60,731.81,445.64
"Povprečno na prebivalca, bruto (EUR)",Ajdovščina,14199.93,10715.01,2413.46,686.63,384.83
"Povprečno na prebivalca, bruto (EUR)",Ankaran/Ancarano,17034.03,12472.84,3370.84,641.09,549.27
"Povprečno na prebivalca, bruto (EUR)",Apače,10394.25,7362.05,2177.78,733.88,120.54
"Povprečno na prebivalca, bruto (EUR)",Beltinci,12636.22,9331.81,2396.29,802.51,105.61
"Povprečno na prebivalca, bruto (EUR)",Benedikt,13018.42,10714.30,1483.47,734.04,86.61
"Povprečno na prebivalca, bruto (EUR)",Bistrica ob Sotli,12580.65,9613.09,2093.61,z,z
"Povprečno na prebivalca, bruto (EUR)",Bled,16418.17,11616.91,3069.78,624.24,1107.24
"Povprečno na prebivalca, bruto (EUR)",Bloke,14700.43,11259.60,2626.48,z,z
"Povprečno na prebivalca, bruto (EUR)",Bohinj,15073.76,11192.85,2803.75,643.56,433.60
"Povprečno na prebivalca, bruto (EUR)",Borovnica,14420.68,11105.77,2358.11,709.55,247.24
"Povprečno na prebivalca, bruto (EUR)",Bovec,13880.08,9999.91,3074.12,525.97,280.08
"Povprečno na prebivalca, bruto (EUR)",Braslovče,15534.25,11928.27,2532.15,667.15,406.68
"Povprečno na prebivalca, bruto (EUR)",Brda,13361.95,9724.17,2821.00,558.67,258.11
"Povprečno na prebivalca, bruto (EUR)",Brezovica,15927.37,12350.95,2423.21,651.72,501.49
"Povprečno na prebivalca, bruto (EUR)",Brežice,13807.55,10188.93,2606.53,726.27,285.82
"Povprečno na prebivalca, bruto (EUR)",Cankova,11258.66,8024.49,2286.54,887.39,60.25
"Povprečno na prebivalca, bruto (EUR)",Celje,14461.54,10565.20,2702.38,827.32,366.64
"Povprečno na prebivalca, bruto (EUR)",Cerklje na Gorenjskem,15183.03,11719.73,2289.39,691.40,482.51
"Povprečno na prebivalca, bruto (EUR)",Cerknica,14769.36,11274.54,2552.76,658.85,283.21
"Povprečno na prebivalca, bruto (EUR)",Cerkno,14241.54,10494.38,2990.53,575.62,181.00
"Povprečno na prebivalca, bruto (EUR)",Cerkvenjak,13084.55,10524.26,1537.07,z,z
"Povprečno na prebivalca, bruto (EUR)",Cirkulane,13484.90,10485.16,2007.48,z,z
"Povprečno na prebivalca, bruto (EUR)",Črenšovci,12243.16,8992.21,2142.68,z,z
"Povprečno na prebivalca, bruto (EUR)",Črna na Koroškem,14399.79,9502.59,2994.19,z,z
"Povprečno na prebivalca, bruto (EUR)",Črnomelj,13222.52,9612.24,2598.33,811.10,200.84
"Povprečno na prebivalca, bruto (EUR)",Destrnik,13230.70,10395.56,1816.09,z,z
"Povprečno na prebivalca, bruto (EUR)",Divača,14228.21,10872.95,2512.74,662.30,180.23
"Povprečno na prebivalca, bruto (EUR)",Dobje,13251.75,10475.83,1986.76,736.06,53.09
"Povprečno na prebivalca, bruto (EUR)",Dobrepolje,14295.93,10756.96,2551.77,785.01,202.18
"Povprečno na prebivalca, bruto (EUR)",Dobrna,13672.27,10168.05,2351.17,z,z
"Povprečno na prebivalca, bruto (EUR)",Dobrova - Polhov Gradec,14984.30,11678.72,2260.17,639.50,405.91
"Povprečno na prebivalca, bruto (EUR)",Dobrovnik/Dobronak,12102.32,8556.11,2460.02,z,z
"Povprečno na prebivalca, bruto (EUR)",Dol pri Ljubljani,16078.14,12471.35,2429.81,672.04,504.94
"Povprečno na prebivalca, bruto (EUR)",Dolenjske Toplice,15056.62,11556.86,2539.35,633.63,326.78
"Povprečno na prebivalca, bruto (EUR)",Domžale,16008.60,12300.41,2480.60,667.91,559.68
"Povprečno na prebivalca, bruto (EUR)",Dornava,13028.78,9455.62,2092.90,z,z
"Povprečno na prebivalca, bruto (EUR)",Dravograd,14056.58,10487.86,2630.43,716.06,222.23
"Povprečno na prebivalca, bruto (EUR)",Duplek,13385.09,10411.28,2146.39,683.45,143.97
"Povprečno na prebivalca, bruto (EUR)",Gorenja vas - Poljane,13707.56,10776.60,1986.46,769.41,175.09
"Povprečno na prebivalca, bruto (EUR)",Gorišnica,13682.40,10828.84,2025.79,736.72,91.06
"Povprečno na prebivalca, bruto (EUR)",Gorje,13746.68,10128.32,2641.18,725.04,252.14
"Povprečno na prebivalca, bruto (EUR)",Gornja Radgona,11939.35,8504.17,2496.02,797.29,141.86
"Povprečno na prebivalca, bruto (EUR)",Gornji Grad,13183.11,9150.42,3049.94,z,z
"Povprečno na prebivalca, bruto (EUR)",Gornji Petrovci,11307.55,7909.35,2607.32,699.39,91.49
"Povprečno na prebivalca, bruto (EUR)",Grad,10045.91,7054.32,2220.53,685.81,85.26
"Povprečno na prebivalca, bruto (EUR)",Grosuplje,16629.28,12286.41,2297.66,z,z
"Povprečno na prebivalca, bruto (EUR)",Hajdina,13916.21,10551.68,2496.04,644.41,224.09
"Povprečno na prebivalca, bruto (EUR)",Hoče - Slivnica,14550.77,10882.12,2542.53,695.15,430.98
"Povprečno na prebivalca, bruto (EUR)",Hodoš/Hodos,9361.49,5211.33,2847.35,z,z
"Povprečno na prebivalca, bruto (EUR)",Horjul,14849.61,10889.44,2776.34,728.94,454.90
"Povprečno na prebivalca, bruto (EUR)",Hrastnik,13587.21,9485.39,3260.83,707.86,133.14
"Povprečno na prebivalca, bruto (EUR)",Hrpelje - Kozina,14516.02,11289.57,2369.91,586.91,269.64
"Povprečno na prebivalca, bruto (EUR)",Idrija,15381.55,11266.02,3030.52,646.05,438.96
"Povprečno na prebivalca, bruto (EUR)",Ig,14722.81,11178.82,2414.13,799.93,329.94
"Povprečno na prebivalca, bruto (EUR)",Ilirska Bistrica,13966.57,10344.91,2785.98,674.46,161.22
"Povprečno na prebivalca, bruto (EUR)",Ivančna Gorica,15235.81,11844.28,2088.23,z,z
"Povprečno na prebivalca, bruto (EUR)",Izola/Isola,14290.69,10101.04,2892.73,695.70,601.22
"Povprečno na prebivalca, bruto (EUR)",Jesenice,13374.29,10048.65,2527.26,652.60,145.78
"Povprečno na prebivalca, bruto (EUR)",Jezersko,16047.21,12439.71,2813.80,z,z
"Povprečno na prebivalca, bruto (EUR)",Juršinci,12024.75,9153.95,2007.11,784.44,79.25
"Povprečno na prebivalca, bruto (EUR)",Kamnik,14948.56,11285.18,2515.63,667.46,480.29
"Povprečno na prebivalca, bruto (EUR)",Kanal,13250.62,9468.61,2933.99,627.04,220.98
"Povprečno na prebivalca, bruto (EUR)",Kidričevo,13767.15,10594.74,2289.02,738.28,145.12
"Povprečno na prebivalca, bruto (EUR)",Kobarid,13554.57,9870.10,2875.34,591.58,217.55
"Povprečno na prebivalca, bruto (EUR)",Kobilje,12285.04,9269.30,2292.30,z,z
"Povprečno na prebivalca, bruto (EUR)",Kočevje,13366.49,9504.03,2702.31,943.83,216.32
"Povprečno na prebivalca, bruto (EUR)",Komen,14188.13,10465.01,2839.67,537.40,346.05
"Povprečno na prebivalca, bruto (EUR)",Komenda,16401.22,12769.75,1977.34,z,z
"Povprečno na prebivalca, bruto (EUR)",Koper/Capodistria,14613.43,10874.27,2572.83,679.92,486.41
"Povprečno na prebivalca, bruto (EUR)",Kostanjevica na Krki,15001.07,11723.98,2364.55,z,z
"Povprečno na prebivalca, bruto (EUR)",Kostel,14229.48,9941.08,3470.14,z,z
"Povprečno na prebivalca, bruto (EUR)",Kozje,12239.23,9065.23,2288.76,801.10,84.15
"Povprečno na prebivalca, bruto (EUR)",Kranj,15061.86,11394.42,2598.94,683.63,384.88
"Povprečno na prebivalca, bruto (EUR)",Kranjska Gora,21234.59,15270.84,3192.22,574.91,2196.63
"Povprečno na prebivalca, bruto (EUR)",Križevci,13035.10,9427.58,2418.50,z,z
"Povprečno na prebivalca, bruto (EUR)",Krško,14367.01,10774.86,2497.47,783.32,311.37
"Povprečno na prebivalca, bruto (EUR)",Kungota,13182.89,9949.26,2238.28,z,z
"Povprečno na prebivalca, bruto (EUR)",Kuzma,8968.90,5699.82,2354.70,819.90,94.49
"Povprečno na prebivalca, bruto (EUR)",Laško,13479.24,9722.82,2796.26,735.93,224.22
"Povprečno na prebivalca, bruto (EUR)",Lenart,13702.82,10268.66,2402.71,866.22,165.24
"Povprečno na prebivalca, bruto (EUR)",Lendava/Lendva,12861.27,8891.00,2911.95,852.56,205.75
"Povprečno na prebivalca, bruto (EUR)",Litija,14311.62,10977.03,2434.34,689.31,210.94
"Povprečno na prebivalca, bruto (EUR)",Ljubljana,16410.06,12078.74,2706.48,747.26,877.57
"Povprečno na prebivalca, bruto (EUR)",Ljubno,12593.57,9365.88,2304.65,776.47,146.56
"Povprečno na prebivalca, bruto (EUR)",Ljutomer,12625.22,9078.54,2573.55,794.21,178.92
"Povprečno na prebivalca, bruto (EUR)",Log - Dragomer,17114.11,12449.36,3373.67,602.97,688.11
"Povprečno na prebivalca, bruto (EUR)",Logatec,15092.77,11896.53,2188.81,715.77,291.66
"Povprečno na prebivalca, bruto (EUR)",Loška dolina,13086.14,9385.19,2859.02,z,z
"Povprečno na prebivalca, bruto (EUR)",Loški Potok,13268.27,9760.71,2771.62,653.64,82.31
"Povprečno na prebivalca, bruto (EUR)",Lovrenc na Pohorju,13619.75,10238.02,2618.62,693.15,69.95
"Povprečno na prebivalca, bruto (EUR)",Luče,11600.82,8538.27,2183.66,792.90,86.00
"Povprečno na prebivalca, bruto (EUR)",Lukovica,14344.61,11320.67,2052.22,739.44,232.28
"Povprečno na prebivalca, bruto (EUR)",Majšperk,13378.48,10097.02,2267.09,z,z
"Povprečno na prebivalca, bruto (EUR)",Makole,13089.94,9929.01,2282.82,772.02,106.09
"Povprečno na prebivalca, bruto (EUR)",Maribor,13888.43,9985.64,2728.20,789.67,384.92
"Povprečno na prebivalca, bruto (EUR)",Markovci,13681.36,10944.75,1970.43,658.52,107.67
"Povprečno na prebivalca, bruto (EUR)",Medvode,16249.51,12179.70,2772.82,685.51,611.48
"Povprečno na prebivalca, bruto (EUR)",Mengeš,15892.46,12015.51,2502.32,755.38,619.25
"Povprečno na prebivalca, bruto (EUR)",Metlika,13338.85,9605.77,2537.73,877.21,318.15
"Povprečno na prebivalca, bruto (EUR)",Mežica,16830.20,10604.48,3000.80,z,z
"Povprečno na prebivalca, bruto (EUR)",Miklavž na Dravskem polju,14224.74,10939.03,2447.69,607.49,230.52
"Povprečno na prebivalca, bruto (EUR)",Miren - Kostanjevica,13894.12,10297.57,2747.13,578.90,270.52
"Povprečno na prebivalca, bruto (EUR)",Mirna,16139.03,12168.20,2375.66,z,z
"Povprečno na prebivalca, bruto (EUR)",Mirna Peč,14941.60,11595.92,2325.73,696.54,323.41
"Povprečno na prebivalca, bruto (EUR)",Mislinja,14517.85,10848.06,2669.53,z,z
"Povprečno na prebivalca, bruto (EUR)",Mokronog - Trebelno,14299.83,11013.06,2188.67,783.52,314.57
"Povprečno na prebivalca, bruto (EUR)",Moravče,14362.09,11491.73,2030.10,680.93,159.33
"Povprečno na prebivalca, bruto (EUR)",Moravske Toplice,12785.76,9223.66,2629.23,z,z
"Povprečno na prebivalca, bruto (EUR)",Mozirje,14304.78,10673.38,2548.09,784.03,299.27
"Povprečno na prebivalca, bruto (EUR)",Murska Sobota,14136.81,9415.89,3243.96,z,z
"Povprečno na prebivalca, bruto (EUR)",Muta,14046.81,10773.57,2441.21,667.29,164.74
"Povprečno na prebivalca, bruto (EUR)",Naklo,15487.94,11405.77,2680.61,z,z
"Povprečno na prebivalca, bruto (EUR)",Nazarje,13658.29,10521.11,2177.69,z,z
"Povprečno na prebivalca, bruto (EUR)",Nova Gorica,14189.22,10129.47,3086.29,602.84,370.63
"Povprečno na prebivalca, bruto (EUR)",Novo mesto,16284.03,12333.88,2592.62,768.68,588.85
"Povprečno na prebivalca, bruto (EUR)",Odranci,12006.00,9258.74,2075.65,627.34,44.27
"Povprečno na prebivalca, bruto (EUR)",Oplotnica,13574.29,10521.70,2088.43,z,z
"Povprečno na prebivalca, bruto (EUR)",Ormož,13067.01,9687.03,2440.82,824.50,114.67
"Povprečno na prebivalca, bruto (EUR)",Osilnica,11361.81,6444.19,3664.41,z,z
"Povprečno na prebivalca, bruto (EUR)",Pesnica,13504.19,10146.96,2383.55,711.01,262.67
"Povprečno na prebivalca, bruto (EUR)",Piran/Pirano,14417.49,9913.99,2981.98,709.72,811.80
"Povprečno na prebivalca, bruto (EUR)",Pivka,14085.68,10749.06,2525.64,653.29,157.69
"Povprečno na prebivalca, bruto (EUR)",Podčetrtek,12597.66,9399.14,2195.26,808.40,194.86
"Povprečno na prebivalca, bruto (EUR)",Podlehnik,12829.03,9744.54,2207.10,828.86,48.53
"Povprečno na prebivalca, bruto (EUR)",Podvelka,12068.32,8887.75,2331.72,776.68,72.17
"Povprečno na prebivalca, bruto (EUR)",Poljčane,13197.14,9606.12,2641.09,821.18,128.75
"Povprečno na prebivalca, bruto (EUR)",Polzela,14919.40,11278.43,2615.63,785.55,239.78
"Povprečno na prebivalca, bruto (EUR)",Postojna,14668.00,11204.01,2443.66,707.60,312.74
"Povprečno na prebivalca, bruto (EUR)",Prebold,14780.06,10969.71,2699.52,z,z
"Povprečno na prebivalca, bruto (EUR)",Preddvor,15595.43,11799.09,2620.37,z,z
"Povprečno na prebivalca, bruto (EUR)",Prevalje,14577.34,10647.50,2839.06,733.21,357.57
"Povprečno na prebivalca, bruto (EUR)",Ptuj,14534.91,10805.00,2656.30,742.03,331.57
"Povprečno na prebivalca, bruto (EUR)",Puconci,12061.66,8623.75,2459.50,892.63,85.79
"Povprečno na prebivalca, bruto (EUR)",Rače - Fram,14696.48,11441.43,2321.79,727.50,205.75
"Povprečno na prebivalca, bruto (EUR)",Radeče,14096.79,10426.50,2886.45,655.67,128.17
"Povprečno na prebivalca, bruto (EUR)",Radenci,13160.73,8916.04,3289.20,z,z
"Povprečno na prebivalca, bruto (EUR)",Radlje ob Dravi,13455.47,10041.39,2531.64,743.28,139.16
"Povprečno na prebivalca, bruto (EUR)",Radovljica,15274.88,11197.01,2861.52,704.54,511.81
"Povprečno na prebivalca, bruto (EUR)",Ravne na Koroškem,14640.20,11014.95,2808.72,652.98,163.56
"Povprečno na prebivalca, bruto (EUR)",Razkrižje,11923.81,8716.59,2181.93,z,z
"Povprečno na prebivalca, bruto (EUR)",Rečica ob Savinji,13654.54,10465.37,2329.12,764.50,95.56
"Povprečno na prebivalca, bruto (EUR)",Renče - Vogrsko,13909.89,10032.92,3085.40,568.85,222.73
"Povprečno na prebivalca, bruto (EUR)",Ribnica,14670.94,10964.40,2400.22,z,z
"Povprečno na prebivalca, bruto (EUR)",Ribnica na Pohorju,12369.89,9274.99,2218.48,z,z
"Povprečno na prebivalca, bruto (EUR)",Rogaška Slatina,12978.32,9664.63,2379.01,744.14,190.54
"Povprečno na prebivalca, bruto (EUR)",Rogašovci,9299.32,6161.73,2085.25,1003.30,49.05
"Povprečno na prebivalca, bruto (EUR)",Rogatec,12120.60,9223.83,2021.40,809.79,65.58
"Povprečno na prebivalca, bruto (EUR)",Ruše,14082.73,10334.52,2754.74,713.24,280.22
"Povprečno na prebivalca, bruto (EUR)",Selnica ob Dravi,14546.12,10314.46,2563.24,z,z
"Povprečno na prebivalca, bruto (EUR)",Semič,13729.27,9917.65,2610.62,z,z
"Povprečno na prebivalca, bruto (EUR)",Sevnica,14268.87,10539.76,2708.23,820.10,200.78
"Povprečno na prebivalca, bruto (EUR)",Sežana,13676.87,9703.84,2873.03,660.02,439.97
"Povprečno na prebivalca, bruto (EUR)",Slovenj Gradec,14741.10,11068.41,2671.88,724.94,275.87
"Povprečno na prebivalca, bruto (EUR)",Slovenska Bistrica,14462.85,10991.17,2281.31,767.18,423.19
"Povprečno na prebivalca, bruto (EUR)",Slovenske Konjice,13906.90,10645.16,2196.24,784.55,280.96
"Povprečno na prebivalca, bruto (EUR)",Sodražica,13462.61,10134.08,2381.75,710.15,236.63
"Povprečno na prebivalca, bruto (EUR)",Solčava,11037.21,7667.42,2607.95,z,z
"Povprečno na prebivalca, bruto (EUR)",Središče ob Dravi,12600.24,8950.10,2630.23,852.73,167.18
"Povprečno na prebivalca, bruto (EUR)",Starše,13907.49,10651.85,2385.61,709.61,160.42
"Povprečno na prebivalca, bruto (EUR)",Straža,15246.74,11663.75,2629.39,608.30,345.30
"Povprečno na prebivalca, bruto (EUR)",Sveta Ana,12267.25,9604.92,1749.93,z,z
"Povprečno na prebivalca, bruto (EUR)",Sveta Trojica v Slov. goricah,13581.34,10969.55,1946.66,581.65,83.47
"Povprečno na prebivalca, bruto (EUR)",Sveti Andraž v Slov. goricah,12630.98,10341.61,1286.02,z,z
"Povprečno na prebivalca, bruto (EUR)",Sveti Jurij ob Ščavnici,11757.86,8888.05,1865.51,941.75,62.54
"Povprečno na prebivalca, bruto (EUR)",Sveti Jurij v Slov. goricah,12489.04,9893.85,1794.00,727.32,73.87
"Povprečno na prebivalca, bruto (EUR)",Sveti Tomaž,12478.30,9419.80,2069.00,945.56,43.93
"Povprečno na prebivalca, bruto (EUR)",Šalovci,11710.08,8191.51,2811.48,641.62,65.48
"Povprečno na prebivalca, bruto (EUR)",Šempeter - Vrtojba,14825.89,10501.16,3340.72,504.51,479.50
"Povprečno na prebivalca, bruto (EUR)",Šenčur,15769.20,11891.15,2364.84,670.76,842.45
"Povprečno na prebivalca, bruto (EUR)",Šentilj,13022.95,9781.05,2424.17,729.38,88.36
"Povprečno na prebivalca, bruto (EUR)",Šentjernej,14788.93,11590.74,2138.02,795.77,264.40
"Povprečno na prebivalca, bruto (EUR)",Šentjur,13879.70,10563.52,2342.02,788.08,186.07
"Povprečno na prebivalca, bruto (EUR)",Šentrupert,13000.37,9953.11,2018.88,z,z
"Povprečno na prebivalca, bruto (EUR)",Škocjan,13802.10,10720.03,1928.04,945.84,208.19
"Povprečno na prebivalca, bruto (EUR)",Škofja Loka,16082.80,11756.99,2582.56,z,z
"Povprečno na prebivalca, bruto (EUR)",Škofljica,16666.21,12904.99,2346.88,708.20,706.14
"Povprečno na prebivalca, bruto (EUR)",Šmarje pri Jelšah,13043.07,9831.65,2230.87,880.93,99.62
"Povprečno na prebivalca, bruto (EUR)",Šmarješke Toplice,16256.22,12514.22,2623.01,684.32,434.67
"Povprečno na prebivalca, bruto (EUR)",Šmartno ob Paki,14782.16,11275.46,2659.93,727.22,119.55
"Povprečno na prebivalca, bruto (EUR)",Šmartno pri Litiji,13517.13,10148.67,2446.14,788.64,133.68
"Povprečno na prebivalca, bruto (EUR)",Šoštanj,14037.66,10445.01,2666.17,785.90,140.58
"Povprečno na prebivalca, bruto (EUR)",Štore,13228.34,9603.54,2695.34,783.57,145.88
"Povprečno na prebivalca, bruto (EUR)",Tabor,14189.36,11504.75,1863.66,708.39,112.56
"Povprečno na prebivalca, bruto (EUR)",Tišina,12231.49,8716.90,2471.69,z,z
"Povprečno na prebivalca, bruto (EUR)",Tolmin,13871.00,9727.51,3041.02,659.66,442.82
"Povprečno na prebivalca, bruto (EUR)",Trbovlje,13982.02,9756.41,3224.96,765.75,234.90
"Povprečno na prebivalca, bruto (EUR)",Trebnje,15339.39,12122.27,2105.11,749.40,362.61
"Povprečno na prebivalca, bruto (EUR)",Trnovska vas,12168.47,9806.86,1555.74,764.22,41.65
"Povprečno na prebivalca, bruto (EUR)",Trzin,17926.83,12653.94,3350.15,599.86,1322.88
"Povprečno na prebivalca, bruto (EUR)",Tržič,14526.77,10696.60,2808.03,635.47,386.67
"Povprečno na prebivalca, bruto (EUR)",Turnišče,12753.37,9716.22,2257.97,697.92,81.26
"Povprečno na prebivalca, bruto (EUR)",Velenje,14302.85,10436.14,2951.50,739.39,175.82
"Povprečno na prebivalca, bruto (EUR)",Velika Polana,12716.00,9593.66,2406.90,641.97,73.46
"Povprečno na prebivalca, bruto (EUR)",Velike Lašče,14887.30,11289.80,2513.21,z,z
"Povprečno na prebivalca, bruto (EUR)",Veržej,13195.89,9466.20,2772.10,z,z
"Povprečno na prebivalca, bruto (EUR)",Videm,13390.33,10418.22,2069.22,z,z
"Povprečno na prebivalca, bruto (EUR)",Vipava,13936.29,10447.89,2391.04,793.87,303.50
"Povprečno na prebivalca, bruto (EUR)",Vitanje,13049.29,10077.76,2048.46,782.90,140.17
"Povprečno na prebivalca, bruto (EUR)",Vodice,16626.15,13469.44,2124.86,617.36,414.50
"Povprečno na prebivalca, bruto (EUR)",Vojnik,13968.89,10543.14,2460.82,786.59,178.34
"Povprečno na prebivalca, bruto (EUR)",Vransko,13840.43,10661.32,2192.95,z,z
"Povprečno na prebivalca, bruto (EUR)",Vrhnika,15360.71,11732.16,2516.77,669.68,442.10
"Povprečno na prebivalca, bruto (EUR)",Vuzenica,13822.39,10541.60,2397.29,z,z
"Povprečno na prebivalca, bruto (EUR)",Zagorje ob Savi,14434.66,10784.59,2755.03,739.55,155.50
"Povprečno na prebivalca, bruto (EUR)",Zavrč,13539.69,10851.74,1753.30,z,z
"Povprečno na prebivalca, bruto (EUR)",Zreče,14229.23,10934.27,2252.28,786.03,256.66
"Povprečno na prebivalca, bruto (EUR)",Žalec,14066.41,10276.11,2750.51,740.11,299.67
"Povprečno na prebivalca, bruto (EUR)",Železniki,14916.99,11731.79,2253.89,665.20,266.11
"Povprečno na prebivalca, bruto (EUR)",Žetale,12894.53,10060.57,1868.31,886.72,78.94
"Povprečno na prebivalca, bruto (EUR)",Žiri,14721.15,11324.83,2425.52,z,z
"Povprečno na prebivalca, bruto (EUR)",Žirovnica,16287.48,12407.89,2971.67,566.60,341.33
"Povprečno na prebivalca, bruto (EUR)",Žužemberk,14234.04,11292.33,2041.16,713.84,186.70
"Povprečno na prejemnika dohodka, bruto (EUR)",SLOVENIJA,18131.51,19870.06,9076.68,2520.22,2540.58
"Povprečno na prejemnika dohodka, bruto (EUR)",Ajdovščina,17826.27,19300.13,8790.66,2551.37,2772.53
"Povprečno na prejemnika dohodka, bruto (EUR)",Ankaran/Ancarano,20433.37,22516.97,10536.29,2507.80,2455.90
"Povprečno na prejemnika dohodka, bruto (EUR)",Apače,14150.83,16781.70,7751.94,2466.63,1433.43
"Povprečno na prejemnika dohodka, bruto (EUR)",Beltinci,15696.49,17250.23,7843.12,2559.43,926.07
"Povprečno na prejemnika dohodka, bruto (EUR)",Benedikt,16839.24,18200.75,7213.10,2429.30,1156.34
"Povprečno na prejemnika dohodka, bruto (EUR)",Bistrica ob Sotli,15495.27,16053.26,7052.98,z,z
"Povprečno na prejemnika dohodka, bruto (EUR)",Bled,20069.62,20902.83,10203.75,2548.22,4252.61
"Povprečno na prejemnika dohodka, bruto (EUR)",Bloke,17943.66,17447.50,8612.29,z,z
"Povprečno na prejemnika dohodka, bruto (EUR)",Bohinj,18289.58,18372.08,9455.79,2422.31,2105.24
"Povprečno na prejemnika dohodka, bruto (EUR)",Borovnica,18298.60,19902.68,9111.58,2524.60,1467.15
"Povprečno na prejemnika dohodka, bruto (EUR)",Bovec,16727.68,17299.80,9242.72,2370.95,1410.52
"Povprečno na prejemnika dohodka, bruto (EUR)",Braslovče,19468.35,21581.05,8852.39,2389.71,3343.29
"Povprečno na prejemnika dohodka, bruto (EUR)",Brda,16745.55,17034.68,8955.96,2293.33,1702.08
"Povprečno na prejemnika dohodka, bruto (EUR)",Brezovica,20211.44,22042.62,9808.33,2352.75,2585.57
"Povprečno na prejemnika dohodka, bruto (EUR)",Brežice,17158.23,18447.57,8488.72,2484.10,1669.02
"Povprečno na prejemnika dohodka, bruto (EUR)",Cankova,14565.10,15565.90,7592.70,2833.13,506.27
"Povprečno na prejemnika dohodka, bruto (EUR)",Celje,17631.95,19996.24,9265.97,2682.55,2448.14
"Povprečno na prejemnika dohodka, bruto (EUR)",Cerklje na Gorenjskem,18969.18,20568.10,9071.46,2378.21,2511.30
"Povprečno na prejemnika dohodka, bruto (EUR)",Cerknica,18164.08,18992.96,8834.41,2366.78,1474.16
"Povprečno na prejemnika dohodka, bruto (EUR)",Cerkno,17214.05,17367.11,8816.45,2330.18,1267.78
"Povprečno na prejemnika dohodka, bruto (EUR)",Cerkvenjak,16585.95,17465.62,7171.90,z,z
"Povprečno na prejemnika dohodka, bruto (EUR)",Cirkulane,16484.65,17927.96,7080.11,z,z
"Povprečno na prejemnika dohodka, bruto (EUR)",Črenšovci,15501.52,17157.15,7813.31,z,z
"Povprečno na prejemnika dohodka, bruto (EUR)",Črna na Koroškem,17135.21,17214.37,8101.77,z,z
"Povprečno na prejemnika dohodka, bruto (EUR)",Črnomelj,16263.61,17264.54,8113.18,2790.78,1225.45
"Povprečno na prejemnika dohodka, bruto (EUR)",Destrnik,16606.20,17416.36,7376.47,z,z
"Povprečno na prejemnika dohodka, bruto (EUR)",Divača,18021.30,18630.21,9054.57,2713.11,968.86
"Povprečno na prejemnika dohodka, bruto (EUR)",Dobje,16254.10,17014.20,7198.19,2215.23,595.27
"Povprečno na prejemnika dohodka, bruto (EUR)",Dobrepolje,17495.91,17932.90,8177.09,2579.62,1076.38
"Povprečno na prejemnika dohodka, bruto (EUR)",Dobrna,17105.36,17809.72,8274.50,z,z
"Povprečno na prejemnika dohodka, bruto (EUR)",Dobrova - Polhov Gradec,18969.79,20200.20,9176.37,2279.07,2214.02
"Povprečno na prejemnika dohodka, bruto (EUR)",Dobrovnik/Dobronak,15269.95,16177.19,7728.86,z,z
"Povprečno na prejemnika dohodka, bruto (EUR)",Dol pri Ljubljani,20437.33,22169.73,9944.84,2384.64,2413.58
"Povprečno na prejemnika dohodka, bruto (EUR)",Dolenjske Toplice,18544.33,20193.55,8501.60,2361.48,1633.33
"Povprečno na prejemnika dohodka, bruto (EUR)",Domžale,20190.60,22368.51,9809.97,2419.21,2708.35
"Povprečno na prejemnika dohodka, bruto (EUR)",Dornava,15892.79,17626.00,7698.01,z,z
"Povprečno na prejemnika dohodka, bruto (EUR)",Dravograd,17121.58,19398.83,8241.09,2344.27,1899.62
"Povprečno na prejemnika dohodka, bruto (EUR)",Duplek,16639.45,19224.84,7829.91,2284.12,1669.22
"Povprečno na prejemnika dohodka, bruto (EUR)",Gorenja vas - Poljane,17749.26,18713.91,8557.08,2650.62,1060.96
"Povprečno na prejemnika dohodka, bruto (EUR)",Gorišnica,16986.16,18868.09,7899.05,2367.01,1025.80
"Povprečno na prejemnika dohodka, bruto (EUR)",Gorje,16792.10,18112.36,8885.99,2589.84,1290.35
"Povprečno na prejemnika dohodka, bruto (EUR)",Gornja Radgona,15138.06,17339.76,8025.91,2579.34,1100.99
"Povprečno na prejemnika dohodka, bruto (EUR)",Gornji Grad,15618.98,17082.57,8184.49,z,z
"Povprečno na prejemnika dohodka, bruto (EUR)",Gornji Petrovci,14258.58,13541.55,7892.65,2593.67,612.87
"Povprečno na prejemnika dohodka, bruto (EUR)",Grad,13422.74,12959.09,8036.75,2591.25,837.35
"Povprečno na prejemnika dohodka, bruto (EUR)",Grosuplje,21064.81,21595.61,9575.32,z,z
"Povprečno na prejemnika dohodka, bruto (EUR)",Hajdina,17219.65,19231.36,8472.52,2361.22,2046.78
"Povprečno na prejemnika dohodka, bruto (EUR)",Hoče - Slivnica,18003.03,20838.14,8779.40,2453.10,3585.66
"Povprečno na prejemnika dohodka, bruto (EUR)",Hodoš/Hodos,12278.47,12330.08,7928.76,z,z
"Povprečno na prejemnika dohodka, bruto (EUR)",Horjul,18645.75,19671.66,9201.39,2484.33,2129.86
"Povprečno na prejemnika dohodka, bruto (EUR)",Hrastnik,16117.28,18809.19,8808.58,2331.68,986.09
"Povprečno na prejemnika dohodka, bruto (EUR)",Hrpelje - Kozina,18565.27,19361.33,8909.56,2341.03,1606.77
"Povprečno na prejemnika dohodka, bruto (EUR)",Idrija,18539.74,19678.21,9079.16,2425.58,2423.92
"Povprečno na prejemnika dohodka, bruto (EUR)",Ig,18809.90,20074.91,9386.91,2891.24,1759.33
"Povprečno na prejemnika dohodka, bruto (EUR)",Ilirska Bistrica,16914.14,18119.14,8256.88,2363.25,923.48
"Povprečno na prejemnika dohodka, bruto (EUR)",Ivančna Gorica,19404.76,19820.06,8727.32,z,z
"Povprečno na prejemnika dohodka, bruto (EUR)",Izola/Isola,17790.69,19484.59,9455.18,2584.54,3309.64
"Povprečno na prejemnika dohodka, bruto (EUR)",Jesenice,16530.20,19096.74,8249.04,2349.69,937.51
"Povprečno na prejemnika dohodka, bruto (EUR)",Jezersko,20157.23,22425.10,9431.19,z,z
"Povprečno na prejemnika dohodka, bruto (EUR)",Juršinci,15273.70,16423.27,7537.20,2538.02,869.28
"Povprečno na prejemnika dohodka, bruto (EUR)",Kamnik,18604.82,20305.55,9095.66,2377.52,2736.36
"Povprečno na prejemnika dohodka, bruto (EUR)",Kanal,16099.02,17256.03,8679.51,2418.24,1600.80
"Povprečno na prejemnika dohodka, bruto (EUR)",Kidričevo,16753.45,18671.27,7958.69,2397.58,1288.99
"Povprečno na prejemnika dohodka, bruto (EUR)",Kobarid,16565.33,16735.71,8802.32,2456.23,1152.98
"Povprečno na prejemnika dohodka, bruto (EUR)",Kobilje,15561.05,16382.94,7481.61,z,z
"Povprečno na prejemnika dohodka, bruto (EUR)",Kočevje,16281.36,19371.36,8158.09,2859.86,1330.96
"Povprečno na prejemnika dohodka, bruto (EUR)",Komen,17779.19,18697.07,9044.15,2224.28,1773.59
"Povprečno na prejemnika dohodka, bruto (EUR)",Komenda,21399.49,22566.39,9431.29,z,z
"Povprečno na prejemnika dohodka, bruto (EUR)",Koper/Capodistria,18255.95,20163.01,9263.79,2461.23,2491.49
"Povprečno na prejemnika dohodka, bruto (EUR)",Kostanjevica na Krki,18352.93,19724.91,7923.84,z,z
"Povprečno na prejemnika dohodka, bruto (EUR)",Kostel,17477.51,19093.64,8778.93,z,z
"Povprečno na prejemnika dohodka, bruto (EUR)",Kozje,14942.62,15153.74,7535.49,2514.54,1084.48
"Povprečno na prejemnika dohodka, bruto (EUR)",Kranj,18791.33,21113.93,9526.98,2496.14,2000.02
"Povprečno na prejemnika dohodka, bruto (EUR)",Kranjska Gora,25459.66,26256.15,10947.80,2199.23,7126.47
"Povprečno na prejemnika dohodka, bruto (EUR)",Križevci,15693.60,17104.12,7718.26,z,z
"Povprečno na prejemnika dohodka, bruto (EUR)",Krško,17848.56,19188.39,8613.78,2652.43,1721.88
"Povprečno na prejemnika dohodka, bruto (EUR)",Kungota,16629.99,19165.58,8162.74,z,z
"Povprečno na prejemnika dohodka, bruto (EUR)",Kuzma,13198.01,14503.85,8693.46,3013.58,924.60
"Povprečno na prejemnika dohodka, bruto (EUR)",Laško,16277.95,17296.86,8618.59,2419.42,2239.66
"Povprečno na prejemnika dohodka, bruto (EUR)",Lenart,16932.71,19496.56,8294.18,2714.37,1525.92
"Povprečno na prejemnika dohodka, bruto (EUR)",Lendava/Lendva,15684.17,18238.32,8345.75,2670.61,1320.14
"Povprečno na prejemnika dohodka, bruto (EUR)",Litija,17649.54,19615.66,8607.24,2421.43,1282.18
"Povprečno na prejemnika dohodka, bruto (EUR)",Ljubljana,20250.77,21942.29,10629.81,2550.26,3332.28
"Povprečno na prejemnika dohodka, bruto (EUR)",Ljubno,15502.59,16499.01,7895.45,2678.15,1029.02
"Povprečno na prejemnika dohodka, bruto (EUR)",Ljutomer,15684.72,17567.29,8021.65,2488.04,1386.91
"Povprečno na prejemnika dohodka, bruto (EUR)",Log - Dragomer,20950.13,22878.73,11435.05,2378.93,2891.36
"Povprečno na prejemnika dohodka, bruto (EUR)",Logatec,19279.45,20645.46,8946.99,2496.71,1720.87
"Povprečno na prejemnika dohodka, bruto (EUR)",Loška dolina,15703.37,15953.06,8758.30,z,z
"Povprečno na prejemnika dohodka, bruto (EUR)",Loški Potok,16221.76,16166.45,8117.20,2366.98,457.54
"Povprečno na prejemnika dohodka, bruto (EUR)",Lovrenc na Pohorju,16304.01,18986.88,7936.35,2384.12,792.61
"Povprečno na prejemnika dohodka, bruto (EUR)",Luče,14054.28,14949.68,7320.78,2465.10,735.83
"Povprečno na prejemnika dohodka, bruto (EUR)",Lukovica,18280.12,19363.37,8531.42,2624.91,1558.31
"Povprečno na prejemnika dohodka, bruto (EUR)",Majšperk,16346.52,17899.86,7549.45,z,z
"Povprečno na prejemnika dohodka, bruto (EUR)",Makole,15778.81,17044.94,7651.75,2318.34,1091.69
"Povprečno na prejemnika dohodka, bruto (EUR)",Maribor,16967.38,19850.09,9314.41,2530.50,2173.38
"Povprečno na prejemnika dohodka, bruto (EUR)",Markovci,17083.65,18684.11,7569.31,2327.37,1148.52
"Povprečno na prejemnika dohodka, bruto (EUR)",Medvode,20311.28,22428.07,10075.99,2480.83,2877.69
"Povprečno na prejemnika dohodka, bruto (EUR)",Mengeš,19861.47,22024.97,9600.90,2544.01,3200.59
"Povprečno na prejemnika dohodka, bruto (EUR)",Metlika,16477.64,17961.94,8054.41,2809.45,1745.97
"Povprečno na prejemnika dohodka, bruto (EUR)",Mežica,20329.60,20681.35,8788.05,z,z
"Povprečno na prejemnika dohodka, bruto (EUR)",Miklavž na Dravskem polju,17581.27,20839.77,8665.32,2195.87,2050.44
"Povprečno na prejemnika dohodka, bruto (EUR)",Miren - Kostanjevica,17259.60,19117.59,8983.52,2369.80,1756.71
"Povprečno na prejemnika dohodka, bruto (EUR)",Mirna,19826.06,20285.36,8443.32,z,z
"Povprečno na prejemnika dohodka, bruto (EUR)",Mirna Peč,18998.06,19922.19,8244.55,2521.47,1709.73
"Povprečno na prejemnika dohodka, bruto (EUR)",Mislinja,17578.12,18657.84,8647.84,z,z
"Povprečno na prejemnika dohodka, bruto (EUR)",Mokronog - Trebelno,17847.99,18774.42,7798.38,2691.71,1812.79
"Povprečno na prejemnika dohodka, bruto (EUR)",Moravče,18189.79,19159.83,8629.88,2370.82,1072.79
"Povprečno na prejemnika dohodka, bruto (EUR)",Moravske Toplice,15665.10,15853.58,8059.93,z,z
"Povprečno na prejemnika dohodka, bruto (EUR)",Mozirje,17550.97,19079.43,8781.64,2606.13,2070.75
"Povprečno na prejemnika dohodka, bruto (EUR)",Murska Sobota,17198.46,19744.31,9431.29,z,z
"Povprečno na prejemnika dohodka, bruto (EUR)",Muta,17121.91,20116.19,7917.05,2247.66,1245.23
"Povprečno na prejemnika dohodka, bruto (EUR)",Naklo,19172.83,20786.94,9665.99,z,z
"Povprečno na prejemnika dohodka, bruto (EUR)",Nazarje,16463.61,17570.13,7978.92,z,z
"Povprečno na prejemnika dohodka, bruto (EUR)",Nova Gorica,17432.65,19002.60,9847.43,2364.09,1979.91
"Povprečno na prejemnika dohodka, bruto (EUR)",Novo mesto,20456.32,22170.45,9531.03,2715.68,2409.83
"Povprečno na prejemnika dohodka, bruto (EUR)",Odranci,15518.29,16705.53,7699.23,2300.24,438.34
"Povprečno na prejemnika dohodka, bruto (EUR)",Oplotnica,16689.10,18606.66,7476.00,z,z
"Povprečno na prejemnika dohodka, bruto (EUR)",Ormož,15808.58,17178.04,7946.69,2519.48,1006.09
"Povprečno na prejemnika dohodka, bruto (EUR)",Osilnica,14191.21,14881.90,8112.25,z,z
"Povprečno na prejemnika dohodka, bruto (EUR)",Pesnica,16332.65,18528.17,7969.00,2389.81,3118.94
"Povprečno na prejemnika dohodka, bruto (EUR)",Piran/Pirano,17930.18,18869.75,10079.57,2598.66,4387.89
"Povprečno na prejemnika dohodka, bruto (EUR)",Pivka,17230.27,17489.32,8427.82,2359.40,983.31
"Povprečno na prejemnika dohodka, bruto (EUR)",Podčetrtek,15701.99,16205.87,7509.89,2606.98,2306.04
"Povprečno na prejemnika dohodka, bruto (EUR)",Podlehnik,15242.74,16530.75,6957.08,2714.78,473.39
"Povprečno na prejemnika dohodka, bruto (EUR)",Podvelka,14674.13,17095.21,7285.06,2420.12,856.04
"Povprečno na prejemnika dohodka, bruto (EUR)",Poljčane,15930.88,18627.67,8094.41,2472.88,1285.44
"Povprečno na prejemnika dohodka, bruto (EUR)",Polzela,18375.17,21233.52,8772.79,2490.83,2497.81
"Povprečno na prejemnika dohodka, bruto (EUR)",Postojna,18463.67,19724.75,8991.56,2472.77,1868.42
"Povprečno na prejemnika dohodka, bruto (EUR)",Prebold,18156.59,20653.90,8674.45,z,z
"Povprečno na prejemnika dohodka, bruto (EUR)",Preddvor,19378.61,21012.30,9385.56,z,z
"Povprečno na prejemnika dohodka, bruto (EUR)",Prevalje,17778.02,20842.97,8456.87,2485.38,2560.70
"Povprečno na prejemnika dohodka, bruto (EUR)",Ptuj,17776.56,20251.52,9017.62,2522.33,2747.46
"Povprečno na prejemnika dohodka, bruto (EUR)",Puconci,15131.20,15259.20,7968.94,2855.92,751.60
"Povprečno na prejemnika dohodka, bruto (EUR)",Rače - Fram,18108.28,21059.30,8547.07,2366.68,1740.41
"Povprečno na prejemnika dohodka, bruto (EUR)",Radeče,17034.48,18648.95,8838.42,2374.14,948.86
"Povprečno na prejemnika dohodka, bruto (EUR)",Radenci,16095.95,18460.08,9132.44,z,z
"Povprečno na prejemnika dohodka, bruto (EUR)",Radlje ob Dravi,16478.75,19566.78,7875.22,2271.00,1281.73
"Povprečno na prejemnika dohodka, bruto (EUR)",Radovljica,18828.10,20619.61,9522.80,2583.53,2486.27
"Povprečno na prejemnika dohodka, bruto (EUR)",Ravne na Koroškem,17740.15,21033.31,8611.77,2288.27,1220.91
"Povprečno na prejemnika dohodka, bruto (EUR)",Razkrižje,15657.91,16768.93,7518.25,z,z
"Povprečno na prejemnika dohodka, bruto (EUR)",Rečica ob Savinji,16382.63,17752.93,8078.91,2784.79,742.58
"Povprečno na prejemnika dohodka, bruto (EUR)",Renče - Vogrsko,17073.35,19026.89,9517.11,2455.47,1457.10
"Povprečno na prejemnika dohodka, bruto (EUR)",Ribnica,18379.48,19079.83,8523.57,z,z
"Povprečno na prejemnika dohodka, bruto (EUR)",Ribnica na Pohorju,15143.83,17377.29,7170.77,z,z
"Povprečno na prejemnika dohodka, bruto (EUR)",Rogaška Slatina,15827.49,17695.53,8181.33,2407.09,2371.37
"Povprečno na prejemnika dohodka, bruto (EUR)",Rogašovci,13137.60,13503.09,8280.07,3452.98,460.12
"Povprečno na prejemnika dohodka, bruto (EUR)",Rogatec,14948.90,16392.55,7009.51,2555.69,1043.36
"Povprečno na prejemnika dohodka, bruto (EUR)",Ruše,16755.13,19870.41,8515.21,2320.01,2710.68
"Povprečno na prejemnika dohodka, bruto (EUR)",Selnica ob Dravi,17477.80,18732.05,8425.29,z,z
"Povprečno na prejemnika dohodka, bruto (EUR)",Semič,16777.32,17161.58,7930.38,z,z
"Povprečno na prejemnika dohodka, bruto (EUR)",Sevnica,17123.22,18256.44,8340.02,2617.23,1421.68
"Povprečno na prejemnika dohodka, bruto (EUR)",Sežana,17498.40,18322.27,9761.54,2592.51,2205.67
"Povprečno na prejemnika dohodka, bruto (EUR)",Slovenj Gradec,17958.77,20043.28,8699.50,2457.53,2019.78
"Povprečno na prejemnika dohodka, bruto (EUR)",Slovenska Bistrica,18019.40,20137.33,8437.70,2477.84,3216.73
"Povprečno na prejemnika dohodka, bruto (EUR)",Slovenske Konjice,17169.03,18886.82,8173.32,2515.60,3015.67
"Povprečno na prejemnika dohodka, bruto (EUR)",Sodražica,17277.53,17552.85,8213.04,2509.86,1220.13
"Povprečno na prejemnika dohodka, bruto (EUR)",Solčava,13672.57,14400.46,7720.71,z,z
"Povprečno na prejemnika dohodka, bruto (EUR)",Središče ob Dravi,15497.97,16322.79,7961.77,2780.14,1402.15
"Povprečno na prejemnika dohodka, bruto (EUR)",Starše,16559.83,18734.94,7875.39,2318.18,1535.18
"Povprečno na prejemnika dohodka, bruto (EUR)",Straža,18678.22,20547.90,8684.82,2161.90,1654.37
"Povprečno na prejemnika dohodka, bruto (EUR)",Sveta Ana,15515.84,16810.41,7029.93,z,z
"Povprečno na prejemnika dohodka, bruto (EUR)",Sveta Trojica v Slov. goricah,16581.78,17880.53,7586.10,2181.45,906.51
"Povprečno na prejemnika dohodka, bruto (EUR)",Sveti Andraž v Slov. goricah,16189.76,17131.41,6657.36,z,z
"Povprečno na prejemnika dohodka, bruto (EUR)",Sveti Jurij ob Ščavnici,15141.49,16563.57,7266.08,2909.86,740.77
"Povprečno na prejemnika dohodka, bruto (EUR)",Sveti Jurij v Slov. goricah,15245.99,16033.04,7115.52,2369.93,948.16
"Povprečno na prejemnika dohodka, bruto (EUR)",Sveti Tomaž,15092.30,15545.37,7175.61,2668.50,433.88
"Povprečno na prejemnika dohodka, bruto (EUR)",Šalovci,14155.27,12771.31,8103.66,2596.74,501.79
"Povprečno na prejemnika dohodka, bruto (EUR)",Šempeter - Vrtojba,18193.66,20152.28,10224.53,2296.76,2428.52
"Povprečno na prejemnika dohodka, bruto (EUR)",Šenčur,19840.90,21247.34,9334.45,2418.93,4023.50
"Povprečno na prejemnika dohodka, bruto (EUR)",Šentilj,16311.83,19406.69,8461.83,2589.19,1229.99
"Povprečno na prejemnika dohodka, bruto (EUR)",Šentjernej,18776.35,19942.57,7678.00,2892.16,1436.26
"Povprečno na prejemnika dohodka, bruto (EUR)",Šentjur,17054.14,18357.10,8134.74,2469.52,1869.04
"Povprečno na prejemnika dohodka, bruto (EUR)",Šentrupert,15885.13,16121.62,7985.73,z,z
"Povprečno na prejemnika dohodka, bruto (EUR)",Škocjan,17727.04,18135.47,7691.93,3240.30,1355.70
"Povprečno na prejemnika dohodka, bruto (EUR)",Škofja Loka,20041.56,21288.03,9552.98,z,z
"Povprečno na prejemnika dohodka, bruto (EUR)",Škofljica,21445.83,23175.75,9909.03,2515.02,3475.74
"Povprečno na prejemnika dohodka, bruto (EUR)",Šmarje pri Jelšah,16153.39,17356.58,7707.25,2640.24,1263.24
"Povprečno na prejemnika dohodka, bruto (EUR)",Šmarješke Toplice,19886.90,21088.56,8823.53,2466.91,1775.92
"Povprečno na prejemnika dohodka, bruto (EUR)",Šmartno ob Paki,17965.59,19788.60,8617.54,2439.25,934.83
"Povprečno na prejemnika dohodka, bruto (EUR)",Šmartno pri Litiji,16804.29,18208.19,8230.83,2555.58,939.37
"Povprečno na prejemnika dohodka, bruto (EUR)",Šoštanj,17142.88,18801.44,8839.15,2561.21,1094.46
"Povprečno na prejemnika dohodka, bruto (EUR)",Štore,15940.72,18026.11,8274.25,2444.71,1656.96
"Povprečno na prejemnika dohodka, bruto (EUR)",Tabor,17913.94,19997.48,7459.05,2262.84,1154.80
"Povprečno na prejemnika dohodka, bruto (EUR)",Tišina,15026.27,16128.31,7799.00,z,z
"Povprečno na prejemnika dohodka, bruto (EUR)",Tolmin,16808.18,17748.69,8701.21,2564.87,2493.61
"Povprečno na prejemnika dohodka, bruto (EUR)",Trbovlje,16777.37,19772.84,9147.64,2483.20,1575.79
"Povprečno na prejemnika dohodka, bruto (EUR)",Trebnje,19264.72,20457.48,8368.65,2610.14,1972.98
"Povprečno na prejemnika dohodka, bruto (EUR)",Trnovska vas,15899.36,16914.69,7304.05,2478.80,480.59
"Povprečno na prejemnika dohodka, bruto (EUR)",Trzin,22230.40,23691.97,11676.13,2262.53,4808.13
"Povprečno na prejemnika dohodka, bruto (EUR)",Tržič,17623.96,20018.28,8970.27,2313.06,2397.39
"Povprečno na prejemnika dohodka, bruto (EUR)",Turnišče,15825.02,17988.99,7525.76,2326.16,828.93
"Povprečno na prejemnika dohodka, bruto (EUR)",Velenje,17611.10,19473.37,9548.40,2527.78,1054.69
"Povprečno na prejemnika dohodka, bruto (EUR)",Velika Polana,15430.52,16468.32,7570.01,2171.75,565.91
"Povprečno na prejemnika dohodka, bruto (EUR)",Velike Lašče,18696.81,19303.41,8923.74,z,z
"Povprečno na prejemnika dohodka, bruto (EUR)",Veržej,16372.46,17778.30,8521.41,z,z
"Povprečno na prejemnika dohodka, bruto (EUR)",Videm,16418.40,17284.49,7482.06,z,z
"Povprečno na prejemnika dohodka, bruto (EUR)",Vipava,17445.08,18283.02,8587.67,2828.59,2042.63
"Povprečno na prejemnika dohodka, bruto (EUR)",Vitanje,16079.22,17195.94,7403.19,2578.56,1654.20
"Povprečno na prejemnika dohodka, bruto (EUR)",Vodice,21032.16,23335.77,9206.48,2274.61,2069.87
"Povprečno na prejemnika dohodka, bruto (EUR)",Vojnik,16959.14,18347.25,8387.51,2517.27,1712.05
"Povprečno na prejemnika dohodka, bruto (EUR)",Vransko,17240.85,19144.51,7771.31,z,z
"Povprečno na prejemnika dohodka, bruto (EUR)",Vrhnika,19216.10,21048.13,9546.66,2421.32,2305.42
"Povprečno na prejemnika dohodka, bruto (EUR)",Vuzenica,17145.45,19320.20,8007.08,z,z
"Povprečno na prejemnika dohodka, bruto (EUR)",Zagorje ob Savi,17612.12,19588.35,8833.32,2506.18,1052.05
"Povprečno na prejemnika dohodka, bruto (EUR)",Zavrč,16768.72,18677.39,6985.35,z,z
"Povprečno na prejemnika dohodka, bruto (EUR)",Zreče,17350.54,18936.99,8106.71,2560.14,2924.98
"Povprečno na prejemnika dohodka, bruto (EUR)",Žalec,17150.40,19325.75,8887.13,2508.35,2496.41
"Povprečno na prejemnika dohodka, bruto (EUR)",Železniki,18459.85,19460.80,8445.77,2600.51,1056.97
"Povprečno na prejemnika dohodka, bruto (EUR)",Žetale,15585.36,15659.07,6774.55,2711.97,956.67
"Povprečno na prejemnika dohodka, bruto (EUR)",Žiri,18066.53,19195.27,8783.26,z,z
"Povprečno na prejemnika dohodka, bruto (EUR)",Žirovnica,19668.81,21897.13,9910.73,2226.13,1533.33
"Povprečno na prejemnika dohodka, bruto (EUR)",Žužemberk,17524.25,17858.08,7302.69,2389.10,1159.18
"Mediana bruto dohodka prebivalcev (EUR)",SLOVENIJA,10565.85,...,...,...,...
"Mediana bruto dohodka prebivalcev (EUR)",Ajdovščina,10550.50,...,...,...,...
"Mediana bruto dohodka prebivalcev (EUR)",Ankaran/Ancarano,12097.23,...,...,...,...
"Mediana bruto dohodka prebivalcev (EUR)",Apače,7525.93,...,...,...,...
"Mediana bruto dohodka prebivalcev (EUR)",Beltinci,9333.36,...,...,...,...
"Mediana bruto dohodka prebivalcev (EUR)",Benedikt,9363.63,...,...,...,...
"Mediana bruto dohodka prebivalcev (EUR)",Bistrica ob Sotli,8916.89,...,...,...,...
"Mediana bruto dohodka prebivalcev (EUR)",Bled,10758.96,...,...,...,...
"Mediana bruto dohodka prebivalcev (EUR)",Bloke,11516.55,...,...,...,...
"Mediana bruto dohodka prebivalcev (EUR)",Bohinj,10893.82,...,...,...,...
"Mediana bruto dohodka prebivalcev (EUR)",Borovnica,10866.48,...,...,...,...
"Mediana bruto dohodka prebivalcev (EUR)",Bovec,10473.26,...,...,...,...
"Mediana bruto dohodka prebivalcev (EUR)",Braslovče,10397.64,...,...,...,...
"Mediana bruto dohodka prebivalcev (EUR)",Brda,9720.96,...,...,...,...
"Mediana bruto dohodka prebivalcev (EUR)",Brezovica,11116.82,...,...,...,...
"Mediana bruto dohodka prebivalcev (EUR)",Brežice,9947.76,...,...,...,...
"Mediana bruto dohodka prebivalcev (EUR)",Cankova,7954.63,...,...,...,...
"Mediana bruto dohodka prebivalcev (EUR)",Celje,10695.87,...,...,...,...
"Mediana bruto dohodka prebivalcev (EUR)",Cerklje na Gorenjskem,10885.91,...,...,...,...
"Mediana bruto dohodka prebivalcev (EUR)",Cerknica,11537.16,...,...,...,...
"Mediana bruto dohodka prebivalcev (EUR)",Cerkno,11000.04,...,...,...,...
"Mediana bruto dohodka prebivalcev (EUR)",Cerkvenjak,9277.45,...,...,...,...
"Mediana bruto dohodka prebivalcev (EUR)",Cirkulane,9909.42,...,...,...,...
"Mediana bruto dohodka prebivalcev (EUR)",Črenšovci,8669.28,...,...,...,...
"Mediana bruto dohodka prebivalcev (EUR)",Črna na Koroškem,10425.30,...,...,...,...
"Mediana bruto dohodka prebivalcev (EUR)",Črnomelj,9839.91,...,...,...,...
"Mediana bruto dohodka prebivalcev (EUR)",Destrnik,9597.85,...,...,...,...
"Mediana bruto dohodka prebivalcev (EUR)",Divača,10864.70,...,...,...,...
"Mediana bruto dohodka prebivalcev (EUR)",Dobje,9895.55,...,...,...,...
"Mediana bruto dohodka prebivalcev (EUR)",Dobrepolje,10610.56,...,...,...,...
"Mediana bruto dohodka prebivalcev (EUR)",Dobrna,10466.34,...,...,...,...
"Mediana bruto dohodka prebivalcev (EUR)",Dobrova - Polhov Gradec,10506.60,...,...,...,...
"Mediana bruto dohodka prebivalcev (EUR)",Dobrovnik/Dobronak,8907.57,...,...,...,...
"Mediana bruto dohodka prebivalcev (EUR)",Dol pri Ljubljani,11585.76,...,...,...,...
"Mediana bruto dohodka prebivalcev (EUR)",Dolenjske Toplice,11072.58,...,...,...,...
"Mediana bruto dohodka prebivalcev (EUR)",Domžale,11431.48,...,...,...,...
"Mediana bruto dohodka prebivalcev (EUR)",Dornava,10598.09,...,...,...,...
"Mediana bruto dohodka prebivalcev (EUR)",Dravograd,10775.77,...,...,...,...
"Mediana bruto dohodka prebivalcev (EUR)",Duplek,9377.59,...,...,...,...
"Mediana bruto dohodka prebivalcev (EUR)",Gorenja vas - Poljane,9931.57,...,...,...,...
"Mediana bruto dohodka prebivalcev (EUR)",Gorišnica,10164.86,...,...,...,...
"Mediana bruto dohodka prebivalcev (EUR)",Gorje,9723.97,...,...,...,...
"Mediana bruto dohodka prebivalcev (EUR)",Gornja Radgona,8763.08,...,...,...,...
"Mediana bruto dohodka prebivalcev (EUR)",Gornji Grad,9717.73,...,...,...,...
"Mediana bruto dohodka prebivalcev (EUR)",Gornji Petrovci,8152.19,...,...,...,...
"Mediana bruto dohodka prebivalcev (EUR)",Grad,7094.10,...,...,...,...
"Mediana bruto dohodka prebivalcev (EUR)",Grosuplje,11588.41,...,...,...,...
"Mediana bruto dohodka prebivalcev (EUR)",Hajdina,10255.28,...,...,...,...
"Mediana bruto dohodka prebivalcev (EUR)",Hoče - Slivnica,10054.28,...,...,...,...
"Mediana bruto dohodka prebivalcev (EUR)",Hodoš/Hodos,7179.71,...,...,...,...
"Mediana bruto dohodka prebivalcev (EUR)",Horjul,11041.32,...,...,...,...
"Mediana bruto dohodka prebivalcev (EUR)",Hrastnik,10516.48,...,...,...,...
"Mediana bruto dohodka prebivalcev (EUR)",Hrpelje - Kozina,10432.27,...,...,...,...
"Mediana bruto dohodka prebivalcev (EUR)",Idrija,11788.97,...,...,...,...
"Mediana bruto dohodka prebivalcev (EUR)",Ig,10850.12,...,...,...,...
"Mediana bruto dohodka prebivalcev (EUR)",Ilirska Bistrica,10385.79,...,...,...,...
"Mediana bruto dohodka prebivalcev (EUR)",Ivančna Gorica,11295.45,...,...,...,...
"Mediana bruto dohodka prebivalcev (EUR)",Izola/Isola,10251.36,...,...,...,...
"Mediana bruto dohodka prebivalcev (EUR)",Jesenice,10157.74,...,...,...,...
"Mediana bruto dohodka prebivalcev (EUR)",Jezersko,11152.99,...,...,...,...
"Mediana bruto dohodka prebivalcev (EUR)",Juršinci,8625.28,...,...,...,...
"Mediana bruto dohodka prebivalcev (EUR)",Kamnik,10845.72,...,...,...,...
"Mediana bruto dohodka prebivalcev (EUR)",Kanal,10177.77,...,...,...,...
"Mediana bruto dohodka prebivalcev (EUR)",Kidričevo,10378.22,...,...,...,...
"Mediana bruto dohodka prebivalcev (EUR)",Kobarid,10265.52,...,...,...,...
"Mediana bruto dohodka prebivalcev (EUR)",Kobilje,9103.86,...,...,...,...
"Mediana bruto dohodka prebivalcev (EUR)",Kočevje,9695.36,...,...,...,...
"Mediana bruto dohodka prebivalcev (EUR)",Komen,9786.57,...,...,...,...
"Mediana bruto dohodka prebivalcev (EUR)",Komenda,11213.85,...,...,...,...
"Mediana bruto dohodka prebivalcev (EUR)",Koper/Capodistria,10614.84,...,...,...,...
"Mediana bruto dohodka prebivalcev (EUR)",Kostanjevica na Krki,10427.17,...,...,...,...
"Mediana bruto dohodka prebivalcev (EUR)",Kostel,9745.40,...,...,...,...
"Mediana bruto dohodka prebivalcev (EUR)",Kozje,9036.31,...,...,...,...
"Mediana bruto dohodka prebivalcev (EUR)",Kranj,11030.17,...,...,...,...
"Mediana bruto dohodka prebivalcev (EUR)",Kranjska Gora,13209.81,...,...,...,...
"Mediana bruto dohodka prebivalcev (EUR)",Križevci,9167.50,...,...,...,...
"Mediana bruto dohodka prebivalcev (EUR)",Krško,10563.62,...,...,...,...
"Mediana bruto dohodka prebivalcev (EUR)",Kungota,9082.15,...,...,...,...
"Mediana bruto dohodka prebivalcev (EUR)",Kuzma,5194.50,...,...,...,...
"Mediana bruto dohodka prebivalcev (EUR)",Laško,10452.91,...,...,...,...
"Mediana bruto dohodka prebivalcev (EUR)",Lenart,9602.24,...,...,...,...
"Mediana bruto dohodka prebivalcev (EUR)",Lendava/Lendva,9311.63,...,...,...,...
"Mediana bruto dohodka prebivalcev (EUR)",Litija,10831.06,...,...,...,...
"Mediana bruto dohodka prebivalcev (EUR)",Ljubljana,11163.60,...,...,...,...
"Mediana bruto dohodka prebivalcev (EUR)",Ljubno,9203.70,...,...,...,...
"Mediana bruto dohodka prebivalcev (EUR)",Ljutomer,9116.84,...,...,...,...
"Mediana bruto dohodka prebivalcev (EUR)",Log - Dragomer,12459.91,...,...,...,...
"Mediana bruto dohodka prebivalcev (EUR)",Logatec,11066.30,...,...,...,...
"Mediana bruto dohodka prebivalcev (EUR)",Loška dolina,10335.72,...,...,...,...
"Mediana bruto dohodka prebivalcev (EUR)",Loški Potok,10292.68,...,...,...,...
"Mediana bruto dohodka prebivalcev (EUR)",Lovrenc na Pohorju,9634.22,...,...,...,...
"Mediana bruto dohodka prebivalcev (EUR)",Luče,8484.48,...,...,...,...
"Mediana bruto dohodka prebivalcev (EUR)",Lukovica,10919.88,...,...,...,...
"Mediana bruto dohodka prebivalcev (EUR)",Majšperk,9559.92,...,...,...,...
"Mediana bruto dohodka prebivalcev (EUR)",Makole,9233.51,...,...,...,...
"Mediana bruto dohodka prebivalcev (EUR)",Maribor,9727.28,...,...,...,...
"Mediana bruto dohodka prebivalcev (EUR)",Markovci,10244.28,...,...,...,...
"Mediana bruto dohodka prebivalcev (EUR)",Medvode,11648.14,...,...,...,...
"Mediana bruto dohodka prebivalcev (EUR)",Mengeš,11544.25,...,...,...,...
"Mediana bruto dohodka prebivalcev (EUR)",Metlika,9644.64,...,...,...,...
"Mediana bruto dohodka prebivalcev (EUR)",Mežica,10945.88,...,...,...,...
"Mediana bruto dohodka prebivalcev (EUR)",Miklavž na Dravskem polju,10296.05,...,...,...,...
"Mediana bruto dohodka prebivalcev (EUR)",Miren - Kostanjevica,10440.12,...,...,...,...
"Mediana bruto dohodka prebivalcev (EUR)",Mirna,12050.06,...,...,...,...
"Mediana bruto dohodka prebivalcev (EUR)",Mirna Peč,10887.20,...,...,...,...
"Mediana bruto dohodka prebivalcev (EUR)",Mislinja,11234.64,...,...,...,...
"Mediana bruto dohodka prebivalcev (EUR)",Mokronog - Trebelno,10172.84,...,...,...,...
"Mediana bruto dohodka prebivalcev (EUR)",Moravče,10823.64,...,...,...,...
"Mediana bruto dohodka prebivalcev (EUR)",Moravske Toplice,9387.12,...,...,...,...
"Mediana bruto dohodka prebivalcev (EUR)",Mozirje,10553.94,...,...,...,...
"Mediana bruto dohodka prebivalcev (EUR)",Murska Sobota,10101.03,...,...,...,...
"Mediana bruto dohodka prebivalcev (EUR)",Muta,9707.76,...,...,...,...
"Mediana bruto dohodka prebivalcev (EUR)",Naklo,10987.15,...,...,...,...
"Mediana bruto dohodka prebivalcev (EUR)",Nazarje,10580.90,...,...,...,...
"Mediana bruto dohodka prebivalcev (EUR)",Nova Gorica,10955.12,...,...,...,...
"Mediana bruto dohodka prebivalcev (EUR)",Novo mesto,12013.91,...,...,...,...
"Mediana bruto dohodka prebivalcev (EUR)",Odranci,9235.29,...,...,...,...
"Mediana bruto dohodka prebivalcev (EUR)",Oplotnica,9768.05,...,...,...,...
"Mediana bruto dohodka prebivalcev (EUR)",Ormož,9831.27,...,...,...,...
"Mediana bruto dohodka prebivalcev (EUR)",Osilnica,8567.60,...,...,...,...
"Mediana bruto dohodka prebivalcev (EUR)",Pesnica,9348.12,...,...,...,...
"Mediana bruto dohodka prebivalcev (EUR)",Piran/Pirano,10186.80,...,...,...,...
"Mediana bruto dohodka prebivalcev (EUR)",Pivka,10667.52,...,...,...,...
"Mediana bruto dohodka prebivalcev (EUR)",Podčetrtek,9261.25,...,...,...,...
"Mediana bruto dohodka prebivalcev (EUR)",Podlehnik,9905.24,...,...,...,...
"Mediana bruto dohodka prebivalcev (EUR)",Podvelka,8445.76,...,...,...,...
"Mediana bruto dohodka prebivalcev (EUR)",Poljčane,9517.20,...,...,...,...
"Mediana bruto dohodka prebivalcev (EUR)",Polzela,10720.68,...,...,...,...
"Mediana bruto dohodka prebivalcev (EUR)",Postojna,11010.19,...,...,...,...
"Mediana bruto dohodka prebivalcev (EUR)",Prebold,10664.53,...,...,...,...
"Mediana bruto dohodka prebivalcev (EUR)",Preddvor,11095.21,...,...,...,...
"Mediana bruto dohodka prebivalcev (EUR)",Prevalje,10639.00,...,...,...,...
"Mediana bruto dohodka prebivalcev (EUR)",Ptuj,10734.63,...,...,...,...
"Mediana bruto dohodka prebivalcev (EUR)",Puconci,8863.40,...,...,...,...
"Mediana bruto dohodka prebivalcev (EUR)",Rače - Fram,10242.14,...,...,...,...
"Mediana bruto dohodka prebivalcev (EUR)",Radeče,10943.49,...,...,...,...
"Mediana bruto dohodka prebivalcev (EUR)",Radenci,9462.72,...,...,...,...
"Mediana bruto dohodka prebivalcev (EUR)",Radlje ob Dravi,9472.28,...,...,...,...
"Mediana bruto dohodka prebivalcev (EUR)",Radovljica,10666.02,...,...,...,...
"Mediana bruto dohodka prebivalcev (EUR)",Ravne na Koroškem,10849.32,...,...,...,...
"Mediana bruto dohodka prebivalcev (EUR)",Razkrižje,8121.08,...,...,...,...
"Mediana bruto dohodka prebivalcev (EUR)",Rečica ob Savinji,10171.76,...,...,...,...
"Mediana bruto dohodka prebivalcev (EUR)",Renče - Vogrsko,10870.05,...,...,...,...
"Mediana bruto dohodka prebivalcev (EUR)",Ribnica,10970.27,...,...,...,...
"Mediana bruto dohodka prebivalcev (EUR)",Ribnica na Pohorju,8875.81,...,...,...,...
"Mediana bruto dohodka prebivalcev (EUR)",Rogaška Slatina,9745.16,...,...,...,...
"Mediana bruto dohodka prebivalcev (EUR)",Rogašovci,5934.15,...,...,...,...
"Mediana bruto dohodka prebivalcev (EUR)",Rogatec,9105.26,...,...,...,...
"Mediana bruto dohodka prebivalcev (EUR)",Ruše,10252.92,...,...,...,...
"Mediana bruto dohodka prebivalcev (EUR)",Selnica ob Dravi,10094.73,...,...,...,...
"Mediana bruto dohodka prebivalcev (EUR)",Semič,9988.23,...,...,...,...
"Mediana bruto dohodka prebivalcev (EUR)",Sevnica,10636.57,...,...,...,...
"Mediana bruto dohodka prebivalcev (EUR)",Sežana,10215.79,...,...,...,...
"Mediana bruto dohodka prebivalcev (EUR)",Slovenj Gradec,10840.82,...,...,...,...
"Mediana bruto dohodka prebivalcev (EUR)",Slovenska Bistrica,10303.61,...,...,...,...
"Mediana bruto dohodka prebivalcev (EUR)",Slovenske Konjice,10879.63,...,...,...,...
"Mediana bruto dohodka prebivalcev (EUR)",Sodražica,9534.98,...,...,...,...
"Mediana bruto dohodka prebivalcev (EUR)",Solčava,7962.24,...,...,...,...
"Mediana bruto dohodka prebivalcev (EUR)",Središče ob Dravi,9560.52,...,...,...,...
"Mediana bruto dohodka prebivalcev (EUR)",Starše,9862.44,...,...,...,...
"Mediana bruto dohodka prebivalcev (EUR)",Straža,10901.81,...,...,...,...
"Mediana bruto dohodka prebivalcev (EUR)",Sveta Ana,8486.76,...,...,...,...
"Mediana bruto dohodka prebivalcev (EUR)",Sveta Trojica v Slov. goricah,10372.20,...,...,...,...
"Mediana bruto dohodka prebivalcev (EUR)",Sveti Andraž v Slov. goricah,8369.01,...,...,...,...
"Mediana bruto dohodka prebivalcev (EUR)",Sveti Jurij ob Ščavnici,8146.46,...,...,...,...
"Mediana bruto dohodka prebivalcev (EUR)",Sveti Jurij v Slov. goricah,9042.89,...,...,...,...
"Mediana bruto dohodka prebivalcev (EUR)",Sveti Tomaž,9206.94,...,...,...,...
"Mediana bruto dohodka prebivalcev (EUR)",Šalovci,8599.04,...,...,...,...
"Mediana bruto dohodka prebivalcev (EUR)",Šempeter - Vrtojba,11201.31,...,...,...,...
"Mediana bruto dohodka prebivalcev (EUR)",Šenčur,10861.40,...,...,...,...
"Mediana bruto dohodka prebivalcev (EUR)",Šentilj,9381.15,...,...,...,...
"Mediana bruto dohodka prebivalcev (EUR)",Šentjernej,9888.22,...,...,...,...
"Mediana bruto dohodka prebivalcev (EUR)",Šentjur,10215.32,...,...,...,...
"Mediana bruto dohodka prebivalcev (EUR)",Šentrupert,8908.77,...,...,...,...
"Mediana bruto dohodka prebivalcev (EUR)",Škocjan,9864.39,...,...,...,...
"Mediana bruto dohodka prebivalcev (EUR)",Škofja Loka,11170.72,...,...,...,...
"Mediana bruto dohodka prebivalcev (EUR)",Škofljica,11578.18,...,...,...,...
"Mediana bruto dohodka prebivalcev (EUR)",Šmarje pri Jelšah,9543.61,...,...,...,...
"Mediana bruto dohodka prebivalcev (EUR)",Šmarješke Toplice,12743.84,...,...,...,...
"Mediana bruto dohodka prebivalcev (EUR)",Šmartno ob Paki,11271.32,...,...,...,...
"Mediana bruto dohodka prebivalcev (EUR)",Šmartno pri Litiji,10012.32,...,...,...,...
"Mediana bruto dohodka prebivalcev (EUR)",Šoštanj,11424.29,...,...,...,...
"Mediana bruto dohodka prebivalcev (EUR)",Štore,10201.92,...,...,...,...
"Mediana bruto dohodka prebivalcev (EUR)",Tabor,9696.89,...,...,...,...
"Mediana bruto dohodka prebivalcev (EUR)",Tišina,9120.66,...,...,...,...
"Mediana bruto dohodka prebivalcev (EUR)",Tolmin,10057.80,...,...,...,...
"Mediana bruto dohodka prebivalcev (EUR)",Trbovlje,10638.06,...,...,...,...
"Mediana bruto dohodka prebivalcev (EUR)",Trebnje,11535.70,...,...,...,...
"Mediana bruto dohodka prebivalcev (EUR)",Trnovska vas,8449.52,...,...,...,...
"Mediana bruto dohodka prebivalcev (EUR)",Trzin,12662.67,...,...,...,...
"Mediana bruto dohodka prebivalcev (EUR)",Tržič,10411.26,...,...,...,...
"Mediana bruto dohodka prebivalcev (EUR)",Turnišče,9228.01,...,...,...,...
"Mediana bruto dohodka prebivalcev (EUR)",Velenje,12091.32,...,...,...,...
"Mediana bruto dohodka prebivalcev (EUR)",Velika Polana,9536.08,...,...,...,...
"Mediana bruto dohodka prebivalcev (EUR)",Velike Lašče,10875.84,...,...,...,...
"Mediana bruto dohodka prebivalcev (EUR)",Veržej,9763.53,...,...,...,...
"Mediana bruto dohodka prebivalcev (EUR)",Videm,10360.45,...,...,...,...
"Mediana bruto dohodka prebivalcev (EUR)",Vipava,10255.20,...,...,...,...
"Mediana bruto dohodka prebivalcev (EUR)",Vitanje,9726.90,...,...,...,...
"Mediana bruto dohodka prebivalcev (EUR)",Vodice,10954.20,...,...,...,...
"Mediana bruto dohodka prebivalcev (EUR)",Vojnik,10790.80,...,...,...,...
"Mediana bruto dohodka prebivalcev (EUR)",Vransko,9260.41,...,...,...,...
"Mediana bruto dohodka prebivalcev (EUR)",Vrhnika,11553.82,...,...,...,...
"Mediana bruto dohodka prebivalcev (EUR)",Vuzenica,10139.90,...,...,...,...
"Mediana bruto dohodka prebivalcev (EUR)",Zagorje ob Savi,11012.55,...,...,...,...
"Mediana bruto dohodka prebivalcev (EUR)",Zavrč,9682.40,...,...,...,...
"Mediana bruto dohodka prebivalcev (EUR)",Zreče,10668.07,...,...,...,...
"Mediana bruto dohodka prebivalcev (EUR)",Žalec,10456.36,...,...,...,...
"Mediana bruto dohodka prebivalcev (EUR)",Železniki,10940.10,...,...,...,...
"Mediana bruto dohodka prebivalcev (EUR)",Žetale,10083.65,...,...,...,...
"Mediana bruto dohodka prebivalcev (EUR)",Žiri,10915.01,...,...,...,...
"Mediana bruto dohodka prebivalcev (EUR)",Žirovnica,11649.95,...,...,...,...
"Mediana bruto dohodka prebivalcev (EUR)",Žužemberk,10616.13,...,...,...,...
"Mediana bruto dohodka prejemnikov (EUR)",SLOVENIJA,14549.35,18068.52,8345.54,1351.31,99.99
"Mediana bruto dohodka prejemnikov (EUR)",Ajdovščina,15268.83,18524.49,8274.84,1290.62,187.54
"Mediana bruto dohodka prejemnikov (EUR)",Ankaran/Ancarano,15576.95,18941.49,9258.00,1360.36,277.33
"Mediana bruto dohodka prejemnikov (EUR)",Apače,10381.30,16807.33,7687.36,1376.86,67.45
"Mediana bruto dohodka prejemnikov (EUR)",Beltinci,13015.55,16987.34,7816.56,1293.74,50.05
"Mediana bruto dohodka prejemnikov (EUR)",Benedikt,15242.44,17643.01,7300.52,1220.56,105.16
"Mediana bruto dohodka prejemnikov (EUR)",Bistrica ob Sotli,11793.23,15137.77,6954.48,1479.20,150.86
"Mediana bruto dohodka prejemnikov (EUR)",Bled,14345.31,17583.42,9080.04,1262.95,110.66
"Mediana bruto dohodka prejemnikov (EUR)",Bloke,15841.88,17431.39,7988.22,1387.55,42.10
"Mediana bruto dohodka prejemnikov (EUR)",Bohinj,14371.19,16307.24,8555.98,1377.38,66.17
"Mediana bruto dohodka prejemnikov (EUR)",Borovnica,15746.46,19023.91,8719.56,1267.50,110.45
"Mediana bruto dohodka prejemnikov (EUR)",Bovec,13326.53,16110.89,8202.68,1386.73,93.95
"Mediana bruto dohodka prejemnikov (EUR)",Braslovče,15043.06,19305.45,8211.00,1320.90,147.33
"Mediana bruto dohodka prejemnikov (EUR)",Brda,13040.65,16416.67,8189.28,1352.78,98.97
"Mediana bruto dohodka prejemnikov (EUR)",Brezovica,15866.70,19128.87,9129.56,1204.31,106.66
"Mediana bruto dohodka prejemnikov (EUR)",Brežice,13921.57,17301.84,7916.80,1269.57,50.13
"Mediana bruto dohodka prejemnikov (EUR)",Cankova,10589.49,15298.91,7669.96,1692.26,50.28
"Mediana bruto dohodka prejemnikov (EUR)",Celje,14152.92,17770.96,8470.41,1527.11,284.67
"Mediana bruto dohodka prejemnikov (EUR)",Cerklje na Gorenjskem,15344.47,18472.52,8550.00,1249.69,80.50
"Mediana bruto dohodka prejemnikov (EUR)",Cerknica,15550.23,18062.76,8048.32,1269.94,50.04
"Mediana bruto dohodka prejemnikov (EUR)",Cerkno,14478.42,17931.35,8489.52,1294.68,69.87
"Mediana bruto dohodka prejemnikov (EUR)",Cerkvenjak,15075.28,16968.76,6769.65,1368.74,132.67
"Mediana bruto dohodka prejemnikov (EUR)",Cirkulane,14426.24,17594.02,7083.16,1476.56,58.67
"Mediana bruto dohodka prejemnikov (EUR)",Črenšovci,12739.48,17077.53,7817.42,1340.28,53.33
"Mediana bruto dohodka prejemnikov (EUR)",Črna na Koroškem,12439.98,18036.32,7977.00,1499.42,349.94
"Mediana bruto dohodka prejemnikov (EUR)",Črnomelj,13568.28,17327.84,7818.68,1378.93,74.14
"Mediana bruto dohodka prejemnikov (EUR)",Destrnik,15108.59,17317.44,7525.36,1238.21,50.10
"Mediana bruto dohodka prejemnikov (EUR)",Divača,15249.96,17790.77,8478.76,1327.58,113.85
"Mediana bruto dohodka prejemnikov (EUR)",Dobje,13800.65,17331.83,7193.08,1216.26,140.48
"Mediana bruto dohodka prejemnikov (EUR)",Dobrepolje,14540.36,17824.02,7931.68,1423.60,50.00
"Mediana bruto dohodka prejemnikov (EUR)",Dobrna,14496.12,17235.87,7891.04,1630.39,98.25
"Mediana bruto dohodka prejemnikov (EUR)",Dobrova - Polhov Gradec,15281.12,18362.31,8543.76,1106.31,99.83
"Mediana bruto dohodka prejemnikov (EUR)",Dobrovnik/Dobronak,12038.29,15928.92,7759.60,1526.79,50.35
"Mediana bruto dohodka prejemnikov (EUR)",Dol pri Ljubljani,16535.86,19643.89,9090.34,1060.74,111.94
"Mediana bruto dohodka prejemnikov (EUR)",Dolenjske Toplice,15933.10,19429.33,7991.44,1168.68,199.20
"Mediana bruto dohodka prejemnikov (EUR)",Domžale,15915.45,19359.57,9046.64,1212.14,64.17
"Mediana bruto dohodka prejemnikov (EUR)",Dornava,12671.65,17954.56,7818.51,2003.38,59.13
"Mediana bruto dohodka prejemnikov (EUR)",Dravograd,14180.35,18796.50,7964.54,1378.99,102.82
"Mediana bruto dohodka prejemnikov (EUR)",Duplek,13924.73,18653.94,7817.98,1203.44,80.16
"Mediana bruto dohodka prejemnikov (EUR)",Gorenja vas - Poljane,15472.91,18051.18,8034.20,1378.56,56.74
"Mediana bruto dohodka prejemnikov (EUR)",Gorišnica,14783.40,18061.41,7815.15,1287.12,66.85
"Mediana bruto dohodka prejemnikov (EUR)",Gorje,12728.52,16808.56,8444.64,1324.48,111.47
"Mediana bruto dohodka prejemnikov (EUR)",Gornja Radgona,11930.18,16996.70,7819.17,1445.76,67.51
"Mediana bruto dohodka prejemnikov (EUR)",Gornji Grad,12126.00,16974.02,7816.80,1634.22,19.42
"Mediana bruto dohodka prejemnikov (EUR)",Gornji Petrovci,11109.52,11753.82,7486.36,1373.44,52.71
"Mediana bruto dohodka prejemnikov (EUR)",Grad,10568.68,12747.65,7253.16,1469.96,50.08
"Mediana bruto dohodka prejemnikov (EUR)",Grosuplje,16207.31,18908.58,9041.14,1253.94,103.42
"Mediana bruto dohodka prejemnikov (EUR)",Hajdina,14489.64,18332.63,8018.26,1221.50,96.60
"Mediana bruto dohodka prejemnikov (EUR)",Hoče - Slivnica,13983.54,18571.92,8171.15,1230.16,131.50
"Mediana bruto dohodka prejemnikov (EUR)",Hodoš/Hodos,9459.08,6624.61,6649.52,2738.73,53.11
"Mediana bruto dohodka prejemnikov (EUR)",Horjul,15154.68,18667.66,8522.14,1388.23,154.09
"Mediana bruto dohodka prejemnikov (EUR)",Hrastnik,12893.40,18330.65,8494.56,1264.87,189.56
"Mediana bruto dohodka prejemnikov (EUR)",Hrpelje - Kozina,15174.52,17527.06,8048.80,1240.29,102.39
"Mediana bruto dohodka prejemnikov (EUR)",Idrija,15144.74,18917.62,8668.32,1384.91,218.50
"Mediana bruto dohodka prejemnikov (EUR)",Ig,15450.97,18299.45,8903.64,1334.61,84.99
"Mediana bruto dohodka prejemnikov (EUR)",Ilirska Bistrica,13915.66,17914.29,7896.16,1377.78,59.02
"Mediana bruto dohodka prejemnikov (EUR)",Ivančna Gorica,16472.81,18680.63,8238.66,1241.16,104.91
"Mediana bruto dohodka prejemnikov (EUR)",Izola/Isola,13755.84,16881.92,8473.90,1454.57,300.28
"Mediana bruto dohodka prejemnikov (EUR)",Jesenice,14097.08,18619.80,7973.20,1275.14,66.25
"Mediana bruto dohodka prejemnikov (EUR)",Jezersko,16037.33,20046.44,8860.20,964.02,86.31
"Mediana bruto dohodka prejemnikov (EUR)",Juršinci,12984.32,16714.99,7292.68,1492.09,59.18
"Mediana bruto dohodka prejemnikov (EUR)",Kamnik,15011.89,18435.81,8509.20,1233.52,55.14
"Mediana bruto dohodka prejemnikov (EUR)",Kanal,13061.36,17892.11,8512.14,1273.17,115.04
"Mediana bruto dohodka prejemnikov (EUR)",Kidričevo,14112.85,18099.66,7907.54,1234.95,103.62
"Mediana bruto dohodka prejemnikov (EUR)",Kobarid,13934.08,17364.11,8174.33,1378.91,102.49
"Mediana bruto dohodka prejemnikov (EUR)",Kobilje,14319.17,17042.87,7172.57,1184.40,34.78
"Mediana bruto dohodka prejemnikov (EUR)",Kočevje,12920.01,18357.13,7869.86,1481.57,67.42
"Mediana bruto dohodka prejemnikov (EUR)",Komen,13732.26,18050.35,8417.10,1102.49,80.77
"Mediana bruto dohodka prejemnikov (EUR)",Komenda,16876.38,19716.88,8757.00,1029.12,91.92
"Mediana bruto dohodka prejemnikov (EUR)",Koper/Capodistria,14608.34,17823.03,8513.76,1341.29,215.07
"Mediana bruto dohodka prejemnikov (EUR)",Kostanjevica na Krki,15185.66,18976.91,7764.29,1249.39,85.00
"Mediana bruto dohodka prejemnikov (EUR)",Kostel,12680.56,17461.32,8064.12,1348.21,48.44
"Mediana bruto dohodka prejemnikov (EUR)",Kozje,11380.28,15500.42,7664.20,1397.67,79.60
"Mediana bruto dohodka prejemnikov (EUR)",Kranj,15182.28,18818.34,8820.60,1269.29,102.79
"Mediana bruto dohodka prejemnikov (EUR)",Kranjska Gora,17095.84,20400.78,9343.44,998.40,250.70
"Mediana bruto dohodka prejemnikov (EUR)",Križevci,11643.14,16784.43,7703.94,1771.00,69.56
"Mediana bruto dohodka prejemnikov (EUR)",Krško,14707.97,17880.37,8023.32,1379.13,91.37
"Mediana bruto dohodka prejemnikov (EUR)",Kungota,12790.68,17828.31,7822.28,1302.36,120.00
"Mediana bruto dohodka prejemnikov (EUR)",Kuzma,10016.93,14445.39,7535.08,1734.72,63.25
"Mediana bruto dohodka prejemnikov (EUR)",Laško,13561.16,17102.42,7988.40,1365.87,234.69
"Mediana bruto dohodka prejemnikov (EUR)",Lenart,13356.89,18284.07,7836.20,1470.99,122.88
"Mediana bruto dohodka prejemnikov (EUR)",Lendava/Lendva,12130.80,17322.87,7819.17,1465.69,50.08
"Mediana bruto dohodka prejemnikov (EUR)",Litija,15007.55,18795.82,8198.64,1250.04,52.44
"Mediana bruto dohodka prejemnikov (EUR)",Ljubljana,15047.75,17763.49,9548.14,1378.73,89.49
"Mediana bruto dohodka prejemnikov (EUR)",Ljubno,12979.89,16486.42,7813.23,1428.73,69.04
"Mediana bruto dohodka prejemnikov (EUR)",Ljutomer,12496.91,17115.05,7818.89,1419.76,78.37
"Mediana bruto dohodka prejemnikov (EUR)",Log - Dragomer,16277.59,19456.63,10370.28,1250.60,158.83
"Mediana bruto dohodka prejemnikov (EUR)",Logatec,16208.47,19058.49,8445.00,1294.56,63.54
"Mediana bruto dohodka prejemnikov (EUR)",Loška dolina,13210.29,16885.23,8183.38,1313.12,20.06
"Mediana bruto dohodka prejemnikov (EUR)",Loški Potok,13936.38,16776.74,7896.98,1385.30,56.99
"Mediana bruto dohodka prejemnikov (EUR)",Lovrenc na Pohorju,12453.49,17956.92,7819.20,1306.36,67.72
"Mediana bruto dohodka prejemnikov (EUR)",Luče,10762.14,15015.56,7780.93,1497.40,49.89
"Mediana bruto dohodka prejemnikov (EUR)",Lukovica,15794.49,18330.72,8136.92,1316.24,69.31
"Mediana bruto dohodka prejemnikov (EUR)",Majšperk,13128.17,17011.15,7811.99,1364.35,92.09
"Mediana bruto dohodka prejemnikov (EUR)",Makole,13371.93,17394.71,7796.12,1221.24,178.16
"Mediana bruto dohodka prejemnikov (EUR)",Maribor,12843.63,17628.12,8499.54,1454.59,64.03
"Mediana bruto dohodka prejemnikov (EUR)",Markovci,15341.43,18056.90,7692.22,1273.84,58.83
"Mediana bruto dohodka prejemnikov (EUR)",Medvode,15997.71,19764.32,9303.18,1206.57,111.03
"Mediana bruto dohodka prejemnikov (EUR)",Mengeš,15500.50,18797.00,8879.16,1364.18,71.47
"Mediana bruto dohodka prejemnikov (EUR)",Metlika,13407.81,17283.33,7818.93,1440.94,65.02
"Mediana bruto dohodka prejemnikov (EUR)",Mežica,15099.71,20430.65,8411.44,1126.12,596.22
"Mediana bruto dohodka prejemnikov (EUR)",Miklavž na Dravskem polju,14332.13,19193.94,8208.60,1157.29,95.42
"Mediana bruto dohodka prejemnikov (EUR)",Miren - Kostanjevica,14494.38,18645.27,8451.06,1211.36,132.20
"Mediana bruto dohodka prejemnikov (EUR)",Mirna,16339.21,19301.90,7933.28,1004.47,50.07
"Mediana bruto dohodka prejemnikov (EUR)",Mirna Peč,16371.99,19383.47,7910.52,1129.31,200.00
"Mediana bruto dohodka prejemnikov (EUR)",Mislinja,14947.07,18340.91,7960.52,1201.67,54.55
"Mediana bruto dohodka prejemnikov (EUR)",Mokronog - Trebelno,15296.21,18614.10,7814.30,1320.89,112.71
"Mediana bruto dohodka prejemnikov (EUR)",Moravče,15961.00,18600.65,8123.22,1241.47,50.03
"Mediana bruto dohodka prejemnikov (EUR)",Moravske Toplice,12137.09,15406.08,7817.51,1376.29,62.01
"Mediana bruto dohodka prejemnikov (EUR)",Mozirje,14383.94,17889.40,7973.36,1330.20,50.02
"Mediana bruto dohodka prejemnikov (EUR)",Murska Sobota,12591.96,17712.16,8683.08,1545.64,96.10
"Mediana bruto dohodka prejemnikov (EUR)",Muta,13611.92,19240.44,7860.04,1144.76,50.07
"Mediana bruto dohodka prejemnikov (EUR)",Naklo,14739.63,18735.09,8934.52,1252.27,120.26
"Mediana bruto dohodka prejemnikov (EUR)",Nazarje,14730.59,17336.72,7817.59,1266.32,50.06
"Mediana bruto dohodka prejemnikov (EUR)",Nova Gorica,14572.82,17904.10,8948.52,1269.85,95.81
"Mediana bruto dohodka prejemnikov (EUR)",Novo mesto,16464.98,19644.00,8692.56,1285.04,355.42
"Mediana bruto dohodka prejemnikov (EUR)",Odranci,14857.61,17252.88,7295.94,1200.82,48.80
"Mediana bruto dohodka prejemnikov (EUR)",Oplotnica,14518.19,18342.04,7819.07,1250.96,146.67
"Mediana bruto dohodka prejemnikov (EUR)",Ormož,13376.20,17134.36,7819.15,1544.94,66.28
"Mediana bruto dohodka prejemnikov (EUR)",Osilnica,10015.99,14895.70,7784.79,1446.03,63.23
"Mediana bruto dohodka prejemnikov (EUR)",Pesnica,12334.32,17709.80,7816.82,1317.36,150.00
"Mediana bruto dohodka prejemnikov (EUR)",Piran/Pirano,13805.45,16076.69,8814.90,1574.04,304.64
"Mediana bruto dohodka prejemnikov (EUR)",Pivka,14594.69,17291.88,7984.26,1249.70,69.11
"Mediana bruto dohodka prejemnikov (EUR)",Podčetrtek,13003.55,15963.92,7769.40,1378.59,171.67
"Mediana bruto dohodka prejemnikov (EUR)",Podlehnik,12556.13,17000.13,7228.06,1631.34,50.07
"Mediana bruto dohodka prejemnikov (EUR)",Podvelka,10890.30,17439.98,7100.20,1361.92,68.33
"Mediana bruto dohodka prejemnikov (EUR)",Poljčane,12375.81,17933.92,7819.19,1379.20,141.32
"Mediana bruto dohodka prejemnikov (EUR)",Polzela,15033.15,19006.02,8172.08,1375.56,178.45
"Mediana bruto dohodka prejemnikov (EUR)",Postojna,15393.51,18289.00,8402.04,1378.86,107.16
"Mediana bruto dohodka prejemnikov (EUR)",Prebold,14919.25,18513.84,8030.68,1261.66,108.92
"Mediana bruto dohodka prejemnikov (EUR)",Preddvor,15605.67,19309.88,8826.36,1327.28,77.45
"Mediana bruto dohodka prejemnikov (EUR)",Prevalje,14192.64,19748.73,8277.36,1377.36,157.69
"Mediana bruto dohodka prejemnikov (EUR)",Ptuj,14430.12,18466.91,8211.60,1431.14,137.17
"Mediana bruto dohodka prejemnikov (EUR)",Puconci,11382.06,14921.33,7809.95,1412.22,55.57
"Mediana bruto dohodka prejemnikov (EUR)",Rače - Fram,14668.11,19485.92,7973.24,1128.00,84.47
"Mediana bruto dohodka prejemnikov (EUR)",Radeče,14399.76,18368.33,8499.24,1214.49,99.63
"Mediana bruto dohodka prejemnikov (EUR)",Radenci,12115.44,17721.62,8209.86,1382.57,69.54
"Mediana bruto dohodka prejemnikov (EUR)",Radlje ob Dravi,13027.20,18829.53,7815.50,1260.09,67.15
"Mediana bruto dohodka prejemnikov (EUR)",Radovljica,14496.58,18463.61,8663.60,1341.86,65.20
"Mediana bruto dohodka prejemnikov (EUR)",Ravne na Koroškem,14485.64,20221.37,8468.64,1180.65,166.08
"Mediana bruto dohodka prejemnikov (EUR)",Razkrižje,12280.80,16985.41,7771.60,1351.27,79.87
"Mediana bruto dohodka prejemnikov (EUR)",Rečica ob Savinji,14022.48,16896.14,7811.21,1378.87,44.17
"Mediana bruto dohodka prejemnikov (EUR)",Renče - Vogrsko,14727.96,18353.28,8719.93,1269.71,131.67
"Mediana bruto dohodka prejemnikov (EUR)",Ribnica,15182.83,18057.04,7983.91,1348.10,50.07
"Mediana bruto dohodka prejemnikov (EUR)",Ribnica na Pohorju,12142.08,17609.30,7265.56,1221.00,74.51
"Mediana bruto dohodka prejemnikov (EUR)",Rogaška Slatina,13292.84,16867.44,7860.08,1378.96,195.95
"Mediana bruto dohodka prejemnikov (EUR)",Rogašovci,10017.04,12578.05,7651.21,1980.48,51.37
"Mediana bruto dohodka prejemnikov (EUR)",Rogatec,12604.96,16889.09,7093.14,1431.91,172.07
"Mediana bruto dohodka prejemnikov (EUR)",Ruše,13098.24,18917.73,8085.16,1282.80,119.85
"Mediana bruto dohodka prejemnikov (EUR)",Selnica ob Dravi,13142.71,17889.67,8054.06,1282.47,125.34
"Mediana bruto dohodka prejemnikov (EUR)",Semič,13588.80,17240.80,7819.19,1223.05,120.92
"Mediana bruto dohodka prejemnikov (EUR)",Sevnica,13987.49,17894.84,7933.88,1407.65,56.38
"Mediana bruto dohodka prejemnikov (EUR)",Sežana,14273.83,16908.63,8894.64,1412.14,165.53
"Mediana bruto dohodka prejemnikov (EUR)",Slovenj Gradec,14466.18,18385.22,8157.12,1317.37,127.37
"Mediana bruto dohodka prejemnikov (EUR)",Slovenska Bistrica,14545.53,18772.25,8012.24,1324.22,333.88
"Mediana bruto dohodka prejemnikov (EUR)",Slovenske Konjice,14926.88,17902.18,7878.52,1378.86,261.01
"Mediana bruto dohodka prejemnikov (EUR)",Sodražica,14381.19,16827.23,7894.94,1266.39,58.72
"Mediana bruto dohodka prejemnikov (EUR)",Solčava,9724.19,11083.57,7695.73,1677.16,87.71
"Mediana bruto dohodka prejemnikov (EUR)",Središče ob Dravi,12832.03,17001.32,7817.47,1738.44,144.56
"Mediana bruto dohodka prejemnikov (EUR)",Starše,13087.88,17703.31,7817.41,1201.99,77.29
"Mediana bruto dohodka prejemnikov (EUR)",Straža,15006.32,18601.17,8056.88,986.38,270.00
"Mediana bruto dohodka prejemnikov (EUR)",Sveta Ana,12828.80,16836.21,6851.17,1441.03,102.50
"Mediana bruto dohodka prejemnikov (EUR)",Sveta Trojica v Slov. goricah,14828.85,17989.78,7817.74,1055.63,67.65
"Mediana bruto dohodka prejemnikov (EUR)",Sveti Andraž v Slov. goricah,14611.17,16510.57,6136.00,1546.18,50.06
"Mediana bruto dohodka prejemnikov (EUR)",Sveti Jurij ob Ščavnici,11841.51,16307.40,7045.42,1567.80,66.33
"Mediana bruto dohodka prejemnikov (EUR)",Sveti Jurij v Slov. goricah,13271.82,16879.13,6964.36,1276.40,114.30
"Mediana bruto dohodka prejemnikov (EUR)",Sveti Tomaž,12463.76,16105.45,6866.86,1751.26,84.01
"Mediana bruto dohodka prejemnikov (EUR)",Šalovci,10718.12,8666.32,7490.13,1639.15,62.47
"Mediana bruto dohodka prejemnikov (EUR)",Šempeter - Vrtojba,14865.69,18486.22,9286.20,1176.37,110.58
"Mediana bruto dohodka prejemnikov (EUR)",Šenčur,15630.88,18883.93,8786.58,1174.00,91.88
"Mediana bruto dohodka prejemnikov (EUR)",Šentilj,13199.16,18735.49,7961.55,1311.85,80.33
"Mediana bruto dohodka prejemnikov (EUR)",Šentjernej,16066.41,19270.41,7819.08,1263.11,182.35
"Mediana bruto dohodka prejemnikov (EUR)",Šentjur,14228.70,17858.81,7853.74,1329.86,146.75
"Mediana bruto dohodka prejemnikov (EUR)",Šentrupert,12329.45,15672.54,7816.98,1384.71,78.66
"Mediana bruto dohodka prejemnikov (EUR)",Škocjan,16100.34,18270.44,7779.24,1325.65,204.32
"Mediana bruto dohodka prejemnikov (EUR)",Škofja Loka,15733.25,19487.66,8829.84,1288.71,50.06
"Mediana bruto dohodka prejemnikov (EUR)",Škofljica,16581.01,19869.06,9163.42,1223.76,100.00
"Mediana bruto dohodka prejemnikov (EUR)",Šmarje pri Jelšah,13411.75,17196.96,7804.85,1416.01,168.73
"Mediana bruto dohodka prejemnikov (EUR)",Šmarješke Toplice,16895.36,20232.02,8092.74,1195.59,345.00
"Mediana bruto dohodka prejemnikov (EUR)",Šmartno ob Paki,14439.54,19026.94,8196.00,1210.75,44.49
"Mediana bruto dohodka prejemnikov (EUR)",Šmartno pri Litiji,13840.39,17661.20,8166.32,1378.96,49.99
"Mediana bruto dohodka prejemnikov (EUR)",Šoštanj,14764.78,18118.83,8108.94,1396.86,66.38
"Mediana bruto dohodka prejemnikov (EUR)",Štore,13118.62,17461.92,7956.92,1470.54,157.97
"Mediana bruto dohodka prejemnikov (EUR)",Tabor,15080.02,18429.15,7817.07,1326.41,76.68
"Mediana bruto dohodka prejemnikov (EUR)",Tišina,11736.56,16366.32,7815.33,1283.36,64.26
"Mediana bruto dohodka prejemnikov (EUR)",Tolmin,12931.57,17795.93,8177.04,1438.29,88.49
"Mediana bruto dohodka prejemnikov (EUR)",Trbovlje,13240.64,18683.68,8725.97,1392.92,214.13
"Mediana bruto dohodka prejemnikov (EUR)",Trebnje,16172.51,18812.08,7892.23,1270.46,75.13
"Mediana bruto dohodka prejemnikov (EUR)",Trnovska vas,14952.46,17231.10,7224.97,1241.10,50.08
"Mediana bruto dohodka prejemnikov (EUR)",Trzin,16120.61,18710.23,10605.72,1250.96,121.92
"Mediana bruto dohodka prejemnikov (EUR)",Tržič,14020.36,18487.03,8426.58,1248.08,90.11
"Mediana bruto dohodka prejemnikov (EUR)",Turnišče,13703.00,17903.85,7670.44,1200.00,37.31
"Mediana bruto dohodka prejemnikov (EUR)",Velenje,15330.54,18362.87,8919.48,1354.68,40.18
"Mediana bruto dohodka prejemnikov (EUR)",Velika Polana,13549.99,17100.03,7511.72,1352.54,37.59
"Mediana bruto dohodka prejemnikov (EUR)",Velike Lašče,15457.08,18035.64,8382.90,1306.36,60.16
"Mediana bruto dohodka prejemnikov (EUR)",Veržej,13729.55,17704.94,7890.58,1374.48,72.01
"Mediana bruto dohodka prejemnikov (EUR)",Videm,15029.47,17301.43,7816.37,1347.85,65.50
"Mediana bruto dohodka prejemnikov (EUR)",Vipava,14670.42,17728.46,8107.47,1473.89,192.47
"Mediana bruto dohodka prejemnikov (EUR)",Vitanje,14495.10,17089.23,7767.62,1324.05,263.20
"Mediana bruto dohodka prejemnikov (EUR)",Vodice,16376.64,19653.86,8710.56,1097.92,113.09
"Mediana bruto dohodka prejemnikov (EUR)",Vojnik,14577.18,17792.14,7922.30,1379.14,229.83
"Mediana bruto dohodka prejemnikov (EUR)",Vransko,13845.38,18362.47,7809.27,1329.85,88.39
"Mediana bruto dohodka prejemnikov (EUR)",Vrhnika,15623.41,19047.98,9064.80,1264.01,55.13
"Mediana bruto dohodka prejemnikov (EUR)",Vuzenica,14306.72,18897.60,7854.41,1230.93,59.18
"Mediana bruto dohodka prejemnikov (EUR)",Zagorje ob Savi,14764.90,18994.54,8475.00,1282.09,65.75
"Mediana bruto dohodka prejemnikov (EUR)",Zavrč,15207.56,18804.64,6805.24,1651.20,65.44
"Mediana bruto dohodka prejemnikov (EUR)",Zreče,14852.37,17708.84,7922.70,1263.07,386.25
"Mediana bruto dohodka prejemnikov (EUR)",Žalec,14090.09,18013.59,8301.66,1379.04,220.00
"Mediana bruto dohodka prejemnikov (EUR)",Železniki,16386.87,19566.96,8025.28,1185.48,66.24
"Mediana bruto dohodka prejemnikov (EUR)",Žetale,13957.34,16941.20,6848.44,1627.77,133.34
"Mediana bruto dohodka prejemnikov (EUR)",Žiri,15504.27,18497.94,8368.33,1157.31,51.89
"Mediana bruto dohodka prejemnikov (EUR)",Žirovnica,15498.76,20089.47,9156.54,954.36,114.82
"Mediana bruto dohodka prejemnikov (EUR)",Žužemberk,15662.96,18192.30,7798.79,1195.71,141.09
"Delež v skupnem bruto prejetem dohodku (%)",SLOVENIJA,100.00,74.27,17.70,4.99,3.04
"Delež v skupnem bruto prejetem dohodku (%)",Ajdovščina,100.00,75.46,17.00,4.84,2.71
"Delež v skupnem bruto prejetem dohodku (%)",Ankaran/Ancarano,100.00,73.22,19.79,3.76,3.22
"Delež v skupnem bruto prejetem dohodku (%)",Apače,100.00,70.83,20.95,7.06,1.16
"Delež v skupnem bruto prejetem dohodku (%)",Beltinci,100.00,73.85,18.96,6.35,0.84
"Delež v skupnem bruto prejetem dohodku (%)",Benedikt,100.00,82.30,11.40,5.64,0.67
"Delež v skupnem bruto prejetem dohodku (%)",Bistrica ob Sotli,100.00,76.41,16.64,z,z
"Delež v skupnem bruto prejetem dohodku (%)",Bled,100.00,70.76,18.70,3.80,6.74
"Delež v skupnem bruto prejetem dohodku (%)",Bloke,100.00,76.59,17.87,z,z
"Delež v skupnem bruto prejetem dohodku (%)",Bohinj,100.00,74.25,18.60,4.27,2.88
"Delež v skupnem bruto prejetem dohodku (%)",Borovnica,100.00,77.01,16.35,4.92,1.71
"Delež v skupnem bruto prejetem dohodku (%)",Bovec,100.00,72.05,22.15,3.79,2.02
"Delež v skupnem bruto prejetem dohodku (%)",Braslovče,100.00,76.79,16.30,4.29,2.62
"Delež v skupnem bruto prejetem dohodku (%)",Brda,100.00,72.78,21.11,4.18,1.93
"Delež v skupnem bruto prejetem dohodku (%)",Brezovica,100.00,77.55,15.21,4.09,3.15
"Delež v skupnem bruto prejetem dohodku (%)",Brežice,100.00,73.79,18.88,5.26,2.07
"Delež v skupnem bruto prejetem dohodku (%)",Cankova,100.00,71.27,20.31,7.88,0.54
"Delež v skupnem bruto prejetem dohodku (%)",Celje,100.00,73.06,18.69,5.72,2.54
"Delež v skupnem bruto prejetem dohodku (%)",Cerklje na Gorenjskem,100.00,77.19,15.08,4.55,3.18
"Delež v skupnem bruto prejetem dohodku (%)",Cerknica,100.00,76.34,17.28,4.46,1.92
"Delež v skupnem bruto prejetem dohodku (%)",Cerkno,100.00,73.69,21.00,4.04,1.27
"Delež v skupnem bruto prejetem dohodku (%)",Cerkvenjak,100.00,80.43,11.75,z,z
"Delež v skupnem bruto prejetem dohodku (%)",Cirkulane,100.00,77.75,14.89,z,z
"Delež v skupnem bruto prejetem dohodku (%)",Črenšovci,100.00,73.45,17.50,z,z
"Delež v skupnem bruto prejetem dohodku (%)",Črna na Koroškem,100.00,65.99,20.79,z,z
"Delež v skupnem bruto prejetem dohodku (%)",Črnomelj,100.00,72.70,19.65,6.13,1.52
"Delež v skupnem bruto prejetem dohodku (%)",Destrnik,100.00,78.57,13.73,z,z
"Delež v skupnem bruto prejetem dohodku (%)",Divača,100.00,76.42,17.66,4.65,1.27
"Delež v skupnem bruto prejetem dohodku (%)",Dobje,100.00,79.05,14.99,5.55,0.40
"Delež v skupnem bruto prejetem dohodku (%)",Dobrepolje,100.00,75.24,17.85,5.49,1.41
"Delež v skupnem bruto prejetem dohodku (%)",Dobrna,100.00,74.37,17.20,z,z
"Delež v skupnem bruto prejetem dohodku (%)",Dobrova - Polhov Gradec,100.00,77.94,15.08,4.27,2.71
"Delež v skupnem bruto prejetem dohodku (%)",Dobrovnik/Dobronak,100.00,70.70,20.33,z,z
"Delež v skupnem bruto prejetem dohodku (%)",Dol pri Ljubljani,100.00,77.57,15.11,4.18,3.14
"Delež v skupnem bruto prejetem dohodku (%)",Dolenjske Toplice,100.00,76.76,16.87,4.21,2.17
"Delež v skupnem bruto prejetem dohodku (%)",Domžale,100.00,76.84,15.50,4.17,3.50
"Delež v skupnem bruto prejetem dohodku (%)",Dornava,100.00,72.57,16.06,z,z
"Delež v skupnem bruto prejetem dohodku (%)",Dravograd,100.00,74.61,18.71,5.09,1.58
"Delež v skupnem bruto prejetem dohodku (%)",Duplek,100.00,77.78,16.04,5.11,1.08
"Delež v skupnem bruto prejetem dohodku (%)",Gorenja vas - Poljane,100.00,78.62,14.49,5.61,1.28
"Delež v skupnem bruto prejetem dohodku (%)",Gorišnica,100.00,79.14,14.81,5.38,0.67
"Delež v skupnem bruto prejetem dohodku (%)",Gorje,100.00,73.68,19.21,5.27,1.83
"Delež v skupnem bruto prejetem dohodku (%)",Gornja Radgona,100.00,71.23,20.91,6.68,1.19
"Delež v skupnem bruto prejetem dohodku (%)",Gornji Grad,100.00,69.41,23.14,z,z
"Delež v skupnem bruto prejetem dohodku (%)",Gornji Petrovci,100.00,69.95,23.06,6.19,0.81
"Delež v skupnem bruto prejetem dohodku (%)",Grad,100.00,70.22,22.10,6.83,0.85
"Delež v skupnem bruto prejetem dohodku (%)",Grosuplje,100.00,73.88,13.82,z,z
"Delež v skupnem bruto prejetem dohodku (%)",Hajdina,100.00,75.82,17.94,4.63,1.61
"Delež v skupnem bruto prejetem dohodku (%)",Hoče - Slivnica,100.00,74.79,17.47,4.78,2.96
"Delež v skupnem bruto prejetem dohodku (%)",Hodoš/Hodos,100.00,55.67,30.42,z,z
"Delež v skupnem bruto prejetem dohodku (%)",Horjul,100.00,73.33,18.70,4.91,3.06
"Delež v skupnem bruto prejetem dohodku (%)",Hrastnik,100.00,69.81,24.00,5.21,0.98
"Delež v skupnem bruto prejetem dohodku (%)",Hrpelje - Kozina,100.00,77.77,16.33,4.04,1.86
"Delež v skupnem bruto prejetem dohodku (%)",Idrija,100.00,73.24,19.70,4.20,2.85
"Delež v skupnem bruto prejetem dohodku (%)",Ig,100.00,75.93,16.40,5.43,2.24
"Delež v skupnem bruto prejetem dohodku (%)",Ilirska Bistrica,100.00,74.07,19.95,4.83,1.15
"Delež v skupnem bruto prejetem dohodku (%)",Ivančna Gorica,100.00,77.74,13.71,z,z
"Delež v skupnem bruto prejetem dohodku (%)",Izola/Isola,100.00,70.68,20.24,4.87,4.21
"Delež v skupnem bruto prejetem dohodku (%)",Jesenice,100.00,75.13,18.90,4.88,1.09
"Delež v skupnem bruto prejetem dohodku (%)",Jezersko,100.00,77.52,17.53,z,z
"Delež v skupnem bruto prejetem dohodku (%)",Juršinci,100.00,76.13,16.69,6.52,0.66
"Delež v skupnem bruto prejetem dohodku (%)",Kamnik,100.00,75.49,16.83,4.47,3.21
"Delež v skupnem bruto prejetem dohodku (%)",Kanal,100.00,71.46,22.14,4.73,1.67
"Delež v skupnem bruto prejetem dohodku (%)",Kidričevo,100.00,76.96,16.63,5.36,1.05
"Delež v skupnem bruto prejetem dohodku (%)",Kobarid,100.00,72.82,21.21,4.36,1.61
"Delež v skupnem bruto prejetem dohodku (%)",Kobilje,100.00,75.45,18.66,z,z
"Delež v skupnem bruto prejetem dohodku (%)",Kočevje,100.00,71.10,20.22,7.06,1.62
"Delež v skupnem bruto prejetem dohodku (%)",Komen,100.00,73.76,20.01,3.79,2.44
"Delež v skupnem bruto prejetem dohodku (%)",Komenda,100.00,77.86,12.06,z,z
"Delež v skupnem bruto prejetem dohodku (%)",Koper/Capodistria,100.00,74.41,17.61,4.65,3.33
"Delež v skupnem bruto prejetem dohodku (%)",Kostanjevica na Krki,100.00,78.15,15.76,z,z
"Delež v skupnem bruto prejetem dohodku (%)",Kostel,100.00,69.86,24.39,z,z
"Delež v skupnem bruto prejetem dohodku (%)",Kozje,100.00,74.07,18.70,6.55,0.69
"Delež v skupnem bruto prejetem dohodku (%)",Kranj,100.00,75.65,17.26,4.54,2.56
"Delež v skupnem bruto prejetem dohodku (%)",Kranjska Gora,100.00,71.91,15.03,2.71,10.34
"Delež v skupnem bruto prejetem dohodku (%)",Križevci,100.00,72.32,18.55,z,z
"Delež v skupnem bruto prejetem dohodku (%)",Krško,100.00,75.00,17.38,5.45,2.17
"Delež v skupnem bruto prejetem dohodku (%)",Kungota,100.00,75.47,16.98,z,z
"Delež v skupnem bruto prejetem dohodku (%)",Kuzma,100.00,63.55,26.25,9.14,1.05
"Delež v skupnem bruto prejetem dohodku (%)",Laško,100.00,72.13,20.74,5.46,1.66
"Delež v skupnem bruto prejetem dohodku (%)",Lenart,100.00,74.94,17.53,6.32,1.21
"Delež v skupnem bruto prejetem dohodku (%)",Lendava/Lendva,100.00,69.13,22.64,6.63,1.60
"Delež v skupnem bruto prejetem dohodku (%)",Litija,100.00,76.70,17.01,4.82,1.47
"Delež v skupnem bruto prejetem dohodku (%)",Ljubljana,100.00,73.61,16.49,4.55,5.35
"Delež v skupnem bruto prejetem dohodku (%)",Ljubno,100.00,74.37,18.30,6.17,1.16
"Delež v skupnem bruto prejetem dohodku (%)",Ljutomer,100.00,71.91,20.38,6.29,1.42
"Delež v skupnem bruto prejetem dohodku (%)",Log - Dragomer,100.00,72.74,19.71,3.52,4.02
"Delež v skupnem bruto prejetem dohodku (%)",Logatec,100.00,78.82,14.50,4.74,1.93
"Delež v skupnem bruto prejetem dohodku (%)",Loška dolina,100.00,71.72,21.85,z,z
"Delež v skupnem bruto prejetem dohodku (%)",Loški Potok,100.00,73.56,20.89,4.93,0.62
"Delež v skupnem bruto prejetem dohodku (%)",Lovrenc na Pohorju,100.00,75.17,19.23,5.09,0.51
"Delež v skupnem bruto prejetem dohodku (%)",Luče,100.00,73.60,18.82,6.83,0.74
"Delež v skupnem bruto prejetem dohodku (%)",Lukovica,100.00,78.92,14.31,5.15,1.62
"Delež v skupnem bruto prejetem dohodku (%)",Majšperk,100.00,75.47,16.95,z,z
"Delež v skupnem bruto prejetem dohodku (%)",Makole,100.00,75.85,17.44,5.90,0.81
"Delež v skupnem bruto prejetem dohodku (%)",Maribor,100.00,71.90,19.64,5.69,2.77
"Delež v skupnem bruto prejetem dohodku (%)",Markovci,100.00,80.00,14.40,4.81,0.79
"Delež v skupnem bruto prejetem dohodku (%)",Medvode,100.00,74.95,17.06,4.22,3.76
"Delež v skupnem bruto prejetem dohodku (%)",Mengeš,100.00,75.61,15.75,4.75,3.90
"Delež v skupnem bruto prejetem dohodku (%)",Metlika,100.00,72.01,19.03,6.58,2.39
"Delež v skupnem bruto prejetem dohodku (%)",Mežica,100.00,63.01,17.83,z,z
"Delež v skupnem bruto prejetem dohodku (%)",Miklavž na Dravskem polju,100.00,76.90,17.21,4.27,1.62
"Delež v skupnem bruto prejetem dohodku (%)",Miren - Kostanjevica,100.00,74.11,19.77,4.17,1.95
"Delež v skupnem bruto prejetem dohodku (%)",Mirna,100.00,75.40,14.72,z,z
"Delež v skupnem bruto prejetem dohodku (%)",Mirna Peč,100.00,77.61,15.57,4.66,2.16
"Delež v skupnem bruto prejetem dohodku (%)",Mislinja,100.00,74.72,18.39,z,z
"Delež v skupnem bruto prejetem dohodku (%)",Mokronog - Trebelno,100.00,77.02,15.31,5.48,2.20
"Delež v skupnem bruto prejetem dohodku (%)",Moravče,100.00,80.01,14.14,4.74,1.11
"Delež v skupnem bruto prejetem dohodku (%)",Moravske Toplice,100.00,72.14,20.56,z,z
"Delež v skupnem bruto prejetem dohodku (%)",Mozirje,100.00,74.61,17.81,5.48,2.09
"Delež v skupnem bruto prejetem dohodku (%)",Murska Sobota,100.00,66.61,22.95,z,z
"Delež v skupnem bruto prejetem dohodku (%)",Muta,100.00,76.70,17.38,4.75,1.17
"Delež v skupnem bruto prejetem dohodku (%)",Naklo,100.00,73.64,17.31,z,z
"Delež v skupnem bruto prejetem dohodku (%)",Nazarje,100.00,77.03,15.94,z,z
"Delež v skupnem bruto prejetem dohodku (%)",Nova Gorica,100.00,71.39,21.75,4.25,2.61
"Delež v skupnem bruto prejetem dohodku (%)",Novo mesto,100.00,75.74,15.92,4.72,3.62
"Delež v skupnem bruto prejetem dohodku (%)",Odranci,100.00,77.12,17.29,5.23,0.37
"Delež v skupnem bruto prejetem dohodku (%)",Oplotnica,100.00,77.51,15.39,z,z
"Delež v skupnem bruto prejetem dohodku (%)",Ormož,100.00,74.13,18.68,6.31,0.88
"Delež v skupnem bruto prejetem dohodku (%)",Osilnica,100.00,56.72,32.25,z,z
"Delež v skupnem bruto prejetem dohodku (%)",Pesnica,100.00,75.14,17.65,5.27,1.95
"Delež v skupnem bruto prejetem dohodku (%)",Piran/Pirano,100.00,68.76,20.68,4.92,5.63
"Delež v skupnem bruto prejetem dohodku (%)",Pivka,100.00,76.31,17.93,4.64,1.12
"Delež v skupnem bruto prejetem dohodku (%)",Podčetrtek,100.00,74.61,17.43,6.42,1.55
"Delež v skupnem bruto prejetem dohodku (%)",Podlehnik,100.00,75.96,17.20,6.46,0.38
"Delež v skupnem bruto prejetem dohodku (%)",Podvelka,100.00,73.65,19.32,6.44,0.60
"Delež v skupnem bruto prejetem dohodku (%)",Poljčane,100.00,72.79,20.01,6.22,0.98
"Delež v skupnem bruto prejetem dohodku (%)",Polzela,100.00,75.60,17.53,5.27,1.61
"Delež v skupnem bruto prejetem dohodku (%)",Postojna,100.00,76.38,16.66,4.82,2.13
"Delež v skupnem bruto prejetem dohodku (%)",Prebold,100.00,74.22,18.26,z,z
"Delež v skupnem bruto prejetem dohodku (%)",Preddvor,100.00,75.66,16.80,z,z
"Delež v skupnem bruto prejetem dohodku (%)",Prevalje,100.00,73.04,19.48,5.03,2.45
"Delež v skupnem bruto prejetem dohodku (%)",Ptuj,100.00,74.34,18.28,5.11,2.28
"Delež v skupnem bruto prejetem dohodku (%)",Puconci,100.00,71.50,20.39,7.40,0.71
"Delež v skupnem bruto prejetem dohodku (%)",Rače - Fram,100.00,77.85,15.80,4.95,1.40
"Delež v skupnem bruto prejetem dohodku (%)",Radeče,100.00,73.96,20.48,4.65,0.91
"Delež v skupnem bruto prejetem dohodku (%)",Radenci,100.00,67.75,24.99,z,z
"Delež v skupnem bruto prejetem dohodku (%)",Radlje ob Dravi,100.00,74.63,18.81,5.52,1.03
"Delež v skupnem bruto prejetem dohodku (%)",Radovljica,100.00,73.30,18.73,4.61,3.35
"Delež v skupnem bruto prejetem dohodku (%)",Ravne na Koroškem,100.00,75.24,19.18,4.46,1.12
"Delež v skupnem bruto prejetem dohodku (%)",Razkrižje,100.00,73.10,18.30,z,z
"Delež v skupnem bruto prejetem dohodku (%)",Rečica ob Savinji,100.00,76.64,17.06,5.60,0.70
"Delež v skupnem bruto prejetem dohodku (%)",Renče - Vogrsko,100.00,72.13,22.18,4.09,1.60
"Delež v skupnem bruto prejetem dohodku (%)",Ribnica,100.00,74.74,16.36,z,z
"Delež v skupnem bruto prejetem dohodku (%)",Ribnica na Pohorju,100.00,74.98,17.93,z,z
"Delež v skupnem bruto prejetem dohodku (%)",Rogaška Slatina,100.00,74.47,18.33,5.73,1.47
"Delež v skupnem bruto prejetem dohodku (%)",Rogašovci,100.00,66.26,22.42,10.79,0.53
"Delež v skupnem bruto prejetem dohodku (%)",Rogatec,100.00,76.10,16.68,6.68,0.54
"Delež v skupnem bruto prejetem dohodku (%)",Ruše,100.00,73.38,19.56,5.06,1.99
"Delež v skupnem bruto prejetem dohodku (%)",Selnica ob Dravi,100.00,70.91,17.62,z,z
"Delež v skupnem bruto prejetem dohodku (%)",Semič,100.00,72.24,19.02,z,z
"Delež v skupnem bruto prejetem dohodku (%)",Sevnica,100.00,73.87,18.98,5.75,1.41
"Delež v skupnem bruto prejetem dohodku (%)",Sežana,100.00,70.95,21.01,4.83,3.22
"Delež v skupnem bruto prejetem dohodku (%)",Slovenj Gradec,100.00,75.09,18.13,4.92,1.87
"Delež v skupnem bruto prejetem dohodku (%)",Slovenska Bistrica,100.00,76.00,15.77,5.30,2.93
"Delež v skupnem bruto prejetem dohodku (%)",Slovenske Konjice,100.00,76.55,15.79,5.64,2.02
"Delež v skupnem bruto prejetem dohodku (%)",Sodražica,100.00,75.28,17.69,5.27,1.76
"Delež v skupnem bruto prejetem dohodku (%)",Solčava,100.00,69.47,23.63,z,z
"Delež v skupnem bruto prejetem dohodku (%)",Središče ob Dravi,100.00,71.03,20.87,6.77,1.33
"Delež v skupnem bruto prejetem dohodku (%)",Starše,100.00,76.59,17.15,5.10,1.15
"Delež v skupnem bruto prejetem dohodku (%)",Straža,100.00,76.50,17.25,3.99,2.26
"Delež v skupnem bruto prejetem dohodku (%)",Sveta Ana,100.00,78.30,14.27,z,z
"Delež v skupnem bruto prejetem dohodku (%)",Sveta Trojica v Slov. goricah,100.00,80.77,14.33,4.28,0.61
"Delež v skupnem bruto prejetem dohodku (%)",Sveti Andraž v Slov. goricah,100.00,81.87,10.18,z,z
"Delež v skupnem bruto prejetem dohodku (%)",Sveti Jurij ob Ščavnici,100.00,75.59,15.87,8.01,0.53
"Delež v skupnem bruto prejetem dohodku (%)",Sveti Jurij v Slov. goricah,100.00,79.22,14.36,5.82,0.59
"Delež v skupnem bruto prejetem dohodku (%)",Sveti Tomaž,100.00,75.49,16.58,7.58,0.35
"Delež v skupnem bruto prejetem dohodku (%)",Šalovci,100.00,69.95,24.01,5.48,0.56
"Delež v skupnem bruto prejetem dohodku (%)",Šempeter - Vrtojba,100.00,70.83,22.53,3.40,3.23
"Delež v skupnem bruto prejetem dohodku (%)",Šenčur,100.00,75.41,15.00,4.25,5.34
"Delež v skupnem bruto prejetem dohodku (%)",Šentilj,100.00,75.11,18.61,5.60,0.68
"Delež v skupnem bruto prejetem dohodku (%)",Šentjernej,100.00,78.37,14.46,5.38,1.79
"Delež v skupnem bruto prejetem dohodku (%)",Šentjur,100.00,76.11,16.87,5.68,1.34
"Delež v skupnem bruto prejetem dohodku (%)",Šentrupert,100.00,76.56,15.53,z,z
"Delež v skupnem bruto prejetem dohodku (%)",Škocjan,100.00,77.67,13.97,6.85,1.51
"Delež v skupnem bruto prejetem dohodku (%)",Škofja Loka,100.00,73.10,16.06,z,z
"Delež v skupnem bruto prejetem dohodku (%)",Škofljica,100.00,77.43,14.08,4.25,4.24
"Delež v skupnem bruto prejetem dohodku (%)",Šmarje pri Jelšah,100.00,75.38,17.10,6.75,0.76
"Delež v skupnem bruto prejetem dohodku (%)",Šmarješke Toplice,100.00,76.98,16.14,4.21,2.67
"Delež v skupnem bruto prejetem dohodku (%)",Šmartno ob Paki,100.00,76.28,17.99,4.92,0.81
"Delež v skupnem bruto prejetem dohodku (%)",Šmartno pri Litiji,100.00,75.08,18.10,5.83,0.99
"Delež v skupnem bruto prejetem dohodku (%)",Šoštanj,100.00,74.41,18.99,5.60,1.00
"Delež v skupnem bruto prejetem dohodku (%)",Štore,100.00,72.60,20.38,5.92,1.10
"Delež v skupnem bruto prejetem dohodku (%)",Tabor,100.00,81.08,13.13,4.99,0.79
"Delež v skupnem bruto prejetem dohodku (%)",Tišina,100.00,71.27,20.21,z,z
"Delež v skupnem bruto prejetem dohodku (%)",Tolmin,100.00,70.13,21.92,4.76,3.19
"Delež v skupnem bruto prejetem dohodku (%)",Trbovlje,100.00,69.78,23.07,5.48,1.68
"Delež v skupnem bruto prejetem dohodku (%)",Trebnje,100.00,79.03,13.72,4.89,2.36
"Delež v skupnem bruto prejetem dohodku (%)",Trnovska vas,100.00,80.59,12.78,6.28,0.34
"Delež v skupnem bruto prejetem dohodku (%)",Trzin,100.00,70.59,18.69,3.35,7.38
"Delež v skupnem bruto prejetem dohodku (%)",Tržič,100.00,73.63,19.33,4.37,2.66
"Delež v skupnem bruto prejetem dohodku (%)",Turnišče,100.00,76.19,17.70,5.47,0.64
"Delež v skupnem bruto prejetem dohodku (%)",Velenje,100.00,72.97,20.64,5.17,1.23
"Delež v skupnem bruto prejetem dohodku (%)",Velika Polana,100.00,75.45,18.93,5.05,0.58
"Delež v skupnem bruto prejetem dohodku (%)",Velike Lašče,100.00,75.84,16.88,z,z
"Delež v skupnem bruto prejetem dohodku (%)",Veržej,100.00,71.74,21.01,z,z
"Delež v skupnem bruto prejetem dohodku (%)",Videm,100.00,77.80,15.45,z,z
"Delež v skupnem bruto prejetem dohodku (%)",Vipava,100.00,74.97,17.16,5.70,2.18
"Delež v skupnem bruto prejetem dohodku (%)",Vitanje,100.00,77.23,15.70,6.00,1.07
"Delež v skupnem bruto prejetem dohodku (%)",Vodice,100.00,81.01,12.78,3.71,2.49
"Delež v skupnem bruto prejetem dohodku (%)",Vojnik,100.00,75.48,17.62,5.63,1.28
"Delež v skupnem bruto prejetem dohodku (%)",Vransko,100.00,77.03,15.84,z,z
"Delež v skupnem bruto prejetem dohodku (%)",Vrhnika,100.00,76.38,16.38,4.36,2.88
"Delež v skupnem bruto prejetem dohodku (%)",Vuzenica,100.00,76.26,17.34,z,z
"Delež v skupnem bruto prejetem dohodku (%)",Zagorje ob Savi,100.00,74.71,19.09,5.12,1.08
"Delež v skupnem bruto prejetem dohodku (%)",Zavrč,100.00,80.15,12.95,z,z
"Delež v skupnem bruto prejetem dohodku (%)",Zreče,100.00,76.84,15.83,5.52,1.80
"Delež v skupnem bruto prejetem dohodku (%)",Žalec,100.00,73.05,19.55,5.26,2.13
"Delež v skupnem bruto prejetem dohodku (%)",Železniki,100.00,78.65,15.11,4.46,1.78
"Delež v skupnem bruto prejetem dohodku (%)",Žetale,100.00,78.02,14.49,6.88,0.61
"Delež v skupnem bruto prejetem dohodku (%)",Žiri,100.00,76.93,16.48,z,z
"Delež v skupnem bruto prejetem dohodku (%)",Žirovnica,100.00,76.18,18.25,3.48,2.10
"Delež v skupnem bruto prejetem dohodku (%)",Žužemberk,100.00,79.33,14.34,5.02,1.31
